,name,album,release_date,track_number,id,uri,acousticness,danceability,energy,instrumentalness,liveness,loudness,speechiness,tempo,valence,popularity,duration_ms
0,Lavender Haze,Midnights (3am Edition),2022-10-22,1,4g2c7NoTWAOSYDy44l9nub,spotify:track:4g2c7NoTWAOSYDy44l9nub,0.204,0.735,0.444,0.0012,0.17,-10.519,0.0684,97.038,0.0984,65,202395
1,Maroon,Midnights (3am Edition),2022-10-22,2,199E1RRrVmVTQqBXih5qRC,spotify:track:199E1RRrVmVTQqBXih5qRC,0.0593,0.658,0.378,0.0,0.0976,-8.3,0.0379,108.034,0.0382,65,218270
2,Anti-Hero,Midnights (3am Edition),2022-10-22,3,02Zkkf2zMkwRGQjZ7T4p8f,spotify:track:02Zkkf2zMkwRGQjZ7T4p8f,0.133,0.638,0.634,1.23e-06,0.152,-6.582,0.0457,96.953,0.519,66,200690
3,Snow On The Beach (feat. Lana Del Rey),Midnights (3am Edition),2022-10-22,4,6ADDIJxxqzM9LMpm78yzQG,spotify:track:6ADDIJxxqzM9LMpm78yzQG,0.735,0.659,0.323,0.00321,0.116,-13.425,0.0436,110.007,0.154,65,256124
4,"You're On Your Own, Kid",Midnights (3am Edition),2022-10-22,5,7gVWKBcfIW93YxNBi3ApIE,spotify:track:7gVWKBcfIW93YxNBi3ApIE,0.416,0.694,0.38,8.47e-06,0.126,-10.307,0.0614,120.044,0.376,66,194206
5,Midnight Rain,Midnights (3am Edition),2022-10-22,6,6Nl7KyvjkFncGsjB49SxLl,spotify:track:6Nl7KyvjkFncGsjB49SxLl,0.71,0.636,0.377,6.51e-05,0.115,-11.721,0.0708,139.966,0.23,65,174782
6,Question...?,Midnights (3am Edition),2022-10-22,7,6C7OF1Jal7YkyjzyUG8vkK,spotify:track:6C7OF1Jal7YkyjzyUG8vkK,0.226,0.751,0.502,0.0,0.297,-8.777,0.162,108.989,0.112,62,210556
7,Vigilante Shit,Midnights (3am Edition),2022-10-22,8,5yeuXkukVGuix3vmLu2BPJ,spotify:track:5yeuXkukVGuix3vmLu2BPJ,0.16,0.87,0.279,1.74e-05,0.121,-11.134,0.364,79.996,0.16,65,164801
8,Bejeweled,Midnights (3am Edition),2022-10-22,9,0jvo9CjnbR0lYUDTSNTMiu,spotify:track:0jvo9CjnbR0lYUDTSNTMiu,0.0661,0.7,0.55,0.000102,0.091,-9.13,0.0653,164.003,0.412,66,194165
9,Labyrinth,Midnights (3am Edition),2022-10-22,10,43q586vP8gGkYypKoSddhl,spotify:track:43q586vP8gGkYypKoSddhl,0.791,0.487,0.313,0.348,0.124,-15.434,0.0487,110.039,0.141,62,247962
10,Karma,Midnights (3am Edition),2022-10-22,11,5oqDgw5VGBln5dSIOPWyBq,spotify:track:5oqDgw5VGBln5dSIOPWyBq,0.074,0.649,0.622,0.0,0.594,-7.054,0.0582,90.024,0.106,71,204852
11,Sweet Nothing,Midnights (3am Edition),2022-10-22,12,3zmwONxswBAzGwExPugSLN,spotify:track:3zmwONxswBAzGwExPugSLN,0.967,0.334,0.161,4.71e-05,0.115,-14.875,0.0506,176.747,0.396,63,188496
12,Mastermind,Midnights (3am Edition),2022-10-22,13,56hioFjQ0DXrdn04hZcFgG,spotify:track:56hioFjQ0DXrdn04hZcFgG,0.571,0.661,0.352,0.00147,0.0884,-14.077,0.117,125.934,0.13,70,191039
13,The Great War,Midnights (3am Edition),2022-10-22,14,3UMrglJeju5yWyYIW6o99b,spotify:track:3UMrglJeju5yWyYIW6o99b,0.219,0.573,0.741,2.23e-05,0.0842,-8.987,0.0353,96.016,0.554,72,240355
14,Bigger Than The Whole Sky,Midnights (3am Edition),2022-10-22,15,0BiqmkasE5FdrChwKfVp8X,spotify:track:0BiqmkasE5FdrChwKfVp8X,0.826,0.422,0.235,0.00648,0.115,-12.379,0.0568,165.71,0.068,70,218502
15,Paris,Midnights (3am Edition),2022-10-22,16,7712gjoih4QoDbXpljEk21,spotify:track:7712gjoih4QoDbXpljEk21,0.112,0.7,0.509,3.27e-05,0.137,-10.547,0.0789,110.947,0.345,68,196258
16,High Infidelity,Midnights (3am Edition),2022-10-22,17,5kiZGSxgqPdv6rbqL9THdd,spotify:track:5kiZGSxgqPdv6rbqL9THdd,0.723,0.646,0.529,0.0,0.0885,-10.179,0.0864,87.862,0.755,68,231475
17,Glitch,Midnights (3am Edition),2022-10-22,18,6wAFvJPpTZVirBKGZ4EnMW,spotify:track:6wAFvJPpTZVirBKGZ4EnMW,0.361,0.675,0.466,0.0,0.11,-9.738,0.201,140.864,0.347,66,148781
18,"Would've, Could've, Should've",Midnights (3am Edition),2022-10-22,19,0aV5uARAknQgYhBaK944FP,spotify:track:0aV5uARAknQgYhBaK944FP,0.43,0.483,0.84,0.000575,0.146,-6.508,0.119,157.979,0.55,71,260361
19,Dear Reader,Midnights (3am Edition),2022-10-22,20,3QF5RsWzK1lCvf2o2cY65P,spotify:track:3QF5RsWzK1lCvf2o2cY65P,0.481,0.562,0.388,0.00145,0.117,-12.088,0.0705,107.747,0.159,68,225194
20,willow,evermore (deluxe version),2021-01-07,1,2gVhfX2Gy1T9kDuS9azrF7,spotify:track:2gVhfX2Gy1T9kDuS9azrF7,0.833,0.392,0.574,0.00179,0.145,-9.195,0.17,81.112,0.529,70,214706
21,champagne problems,evermore (deluxe version),2021-01-07,2,1gcyHQpBQ1lfXGdhZmWrHP,spotify:track:1gcyHQpBQ1lfXGdhZmWrHP,0.92,0.462,0.24,0.0,0.113,-12.077,0.0377,171.319,0.32,71,244000
22,gold rush,evermore (deluxe version),2021-01-07,3,3Dby3p1m6IOZn2gIIqECgK,spotify:track:3Dby3p1m6IOZn2gIIqECgK,0.83,0.512,0.462,0.166,0.121,-10.491,0.0408,112.05,0.353,68,185320
23,‘tis the damn season,evermore (deluxe version),2021-01-07,4,6sQckd3Z8NPxVVKUnavY1F,spotify:track:6sQckd3Z8NPxVVKUnavY1F,0.735,0.575,0.434,6.59e-05,0.105,-8.193,0.0312,145.916,0.348,69,229840
24,tolerate it,evermore (deluxe version),2021-01-07,5,6lCvK2AR2uOKkVFCVlAzzm,spotify:track:6lCvK2AR2uOKkVFCVlAzzm,0.878,0.316,0.361,2.67e-05,0.0797,-10.381,0.0488,74.952,0.221,70,245440
25,"no body, no crime (feat. HAIM)",evermore (deluxe version),2021-01-07,6,6uwfVkaOM1mcMkFmSn35ix,spotify:track:6uwfVkaOM1mcMkFmSn35ix,0.418,0.546,0.613,0.0,0.103,-7.589,0.0264,79.015,0.535,68,215626
26,happiness,evermore (deluxe version),2021-01-07,7,55Vf4bimc1Rtfg0PAQRAo2,spotify:track:55Vf4bimc1Rtfg0PAQRAo2,0.87,0.559,0.334,0.0,0.114,-10.733,0.0376,122.079,0.211,67,315146
27,dorothea,evermore (deluxe version),2021-01-07,8,66tOfHVH3aUrscg8vExRV4,spotify:track:66tOfHVH3aUrscg8vExRV4,0.696,0.605,0.488,0.0,0.129,-8.322,0.0264,119.966,0.354,66,225880
28,coney island (feat. The National),evermore (deluxe version),2021-01-07,9,2awNGIJHodfLZSClB3PYhz,spotify:track:2awNGIJHodfLZSClB3PYhz,0.819,0.537,0.537,0.000904,0.142,-11.266,0.0617,107.895,0.292,67,275320
29,ivy,evermore (deluxe version),2021-01-07,10,43Ykum9T72UOPhBN31grpN,spotify:track:43Ykum9T72UOPhBN31grpN,0.855,0.515,0.545,1.97e-05,0.0921,-9.277,0.0353,88.856,0.535,67,260440
30,cowboy like me,evermore (deluxe version),2021-01-07,11,52OkpDsU6MmPx1AwGOb6Ap,spotify:track:52OkpDsU6MmPx1AwGOb6Ap,0.768,0.604,0.517,0.000155,0.123,-9.014,0.0347,127.967,0.511,67,275040
31,long story short,evermore (deluxe version),2021-01-07,12,5VYWxXUpxuxEmCqMLDqICo,spotify:track:5VYWxXUpxuxEmCqMLDqICo,0.66,0.546,0.73,0.179,0.0972,-7.704,0.0417,157.895,0.573,67,215920
32,marjorie,evermore (deluxe version),2021-01-07,13,5uICWmZTLkpEVbK22PBP6e,spotify:track:5uICWmZTLkpEVbK22PBP6e,0.876,0.535,0.561,0.000136,0.115,-11.609,0.0484,96.103,0.287,67,257773
33,closure,evermore (deluxe version),2021-01-07,14,6a8aUhYbaQBUI8PcJ5ZmQ6,spotify:track:6a8aUhYbaQBUI8PcJ5ZmQ6,0.835,0.689,0.704,4.83e-06,0.134,-10.813,0.245,151.884,0.92,64,180653
34,evermore (feat. Bon Iver),evermore (deluxe version),2021-01-07,15,6Wlq9rqkxrqj5Kls4Kw14H,spotify:track:6Wlq9rqkxrqj5Kls4Kw14H,0.937,0.39,0.27,0.00227,0.111,-10.673,0.0308,125.177,0.32,68,304106
35,right where you left me - bonus track,evermore (deluxe version),2021-01-07,16,3zwMVvkBe2qIKDObWgXw4N,spotify:track:3zwMVvkBe2qIKDObWgXw4N,0.769,0.581,0.619,0.000106,0.117,-6.524,0.0282,137.915,0.645,79,245026
36,it’s time to go - bonus track,evermore (deluxe version),2021-01-07,17,1kdWw77ZpYOkhxeuhzU1j6,spotify:track:1kdWw77ZpYOkhxeuhzU1j6,0.801,0.592,0.41,1.39e-05,0.09,-12.426,0.0397,151.923,0.416,70,254640
37,the 1,folklore (deluxe version),2020-08-18,1,4pfrrhvplbJZAIsfosGWQP,spotify:track:4pfrrhvplbJZAIsfosGWQP,0.75,0.78,0.361,7.14e-06,0.108,-6.942,0.048,139.902,0.163,71,210240
38,cardigan,folklore (deluxe version),2020-08-18,2,0KRYCBwIpWYFNrXOmXbyUh,spotify:track:0KRYCBwIpWYFNrXOmXbyUh,0.525,0.612,0.58,0.000414,0.26,-8.572,0.0419,130.045,0.534,71,239560
39,the last great american dynasty,folklore (deluxe version),2020-08-18,3,2olxzvoFI9IpxqFeUv7WOX,spotify:track:2olxzvoFI9IpxqFeUv7WOX,0.481,0.688,0.653,0.00414,0.106,-8.558,0.0403,147.991,0.701,70,231000
40,exile (feat. Bon Iver),folklore (deluxe version),2020-08-18,4,5S4aYQAJOwJMAamANWlICO,spotify:track:5S4aYQAJOwJMAamANWlICO,0.761,0.31,0.374,2.46e-05,0.11,-8.464,0.0275,75.938,0.16,71,285640
41,my tears ricochet,folklore (deluxe version),2020-08-18,5,5P2bHCDM2tsgIaYWsZMhu5,spotify:track:5P2bHCDM2tsgIaYWsZMhu5,0.814,0.456,0.265,0.0,0.0679,-10.663,0.0328,129.947,0.112,71,255893
42,mirrorball,folklore (deluxe version),2020-08-18,6,2I8YAEA1VmCuP1wkJHMpTw,spotify:track:2I8YAEA1VmCuP1wkJHMpTw,0.686,0.549,0.417,1.9e-06,0.0604,-10.064,0.035,110.137,0.347,69,208973
43,seven,folklore (deluxe version),2020-08-18,7,76mOLcXOjOEhyY4mMF1l3r,spotify:track:76mOLcXOjOEhyY4mMF1l3r,0.888,0.602,0.494,2.59e-05,0.0902,-10.813,0.0277,94.955,0.374,69,208906
44,august,folklore (deluxe version),2020-08-18,8,6nK2pIKFcRc5frrZKHgsiT,spotify:track:6nK2pIKFcRc5frrZKHgsiT,0.553,0.387,0.634,6.93e-05,0.0931,-9.222,0.0363,89.567,0.42,70,261920
45,this is me trying,folklore (deluxe version),2020-08-18,9,7cm50Lw03k6VvRauJtkyTj,spotify:track:7cm50Lw03k6VvRauJtkyTj,0.312,0.511,0.478,2.3e-05,0.147,-9.837,0.0322,135.882,0.408,69,195106
46,illicit affairs,folklore (deluxe version),2020-08-18,10,6DrLROM5MG9bxWHeEG5elq,spotify:track:6DrLROM5MG9bxWHeEG5elq,0.862,0.529,0.304,0.0,0.108,-10.567,0.0356,119.58,0.44,70,190893
47,invisible string,folklore (deluxe version),2020-08-18,11,2ehRU518I0hYqMGQnk4lDY,spotify:track:2ehRU518I0hYqMGQnk4lDY,0.859,0.651,0.459,6.63e-05,0.105,-11.128,0.0507,83.455,0.454,69,252880
48,mad woman,folklore (deluxe version),2020-08-18,12,0RP1kqoSPkVXsKiQNhMKzV,spotify:track:0RP1kqoSPkVXsKiQNhMKzV,0.67,0.593,0.7,6.77e-06,0.116,-9.016,0.0492,141.898,0.451,67,237266
49,epiphany,folklore (deluxe version),2020-08-18,13,1EXa37LpSvi3OQ9UYQ28rD,spotify:track:1EXa37LpSvi3OQ9UYQ28rD,0.727,0.317,0.254,0.000326,0.0867,-13.679,0.0286,93.933,0.103,66,289746
50,betty,folklore (deluxe version),2020-08-18,14,3IhtE4fkytdrtEfV34UzkD,spotify:track:3IhtE4fkytdrtEfV34UzkD,0.589,0.595,0.376,0.0,0.0989,-8.767,0.0256,95.946,0.476,68,294520
51,peace,folklore (deluxe version),2020-08-18,15,6JlI8Ay77m4nJvZTHvfT1J,spotify:track:6JlI8Ay77m4nJvZTHvfT1J,0.916,0.644,0.284,1.5e-05,0.0909,-12.879,0.0821,150.072,0.328,66,234000
52,hoax,folklore (deluxe version),2020-08-18,16,0YeDG5HnKnG7jpArkzsSPa,spotify:track:0YeDG5HnKnG7jpArkzsSPa,0.964,0.676,0.178,7.9e-06,0.135,-15.01,0.0394,118.84,0.404,66,220040
53,the lakes - bonus track,folklore (deluxe version),2020-08-18,17,0eFQWVz0qIxDOvhLpZ40P7,spotify:track:0eFQWVz0qIxDOvhLpZ40P7,0.842,0.313,0.258,1.3e-06,0.0948,-11.532,0.0383,179.947,0.268,70,211813
54,I Forgot That You Existed,Lover,2019-08-23,1,43rA71bccXFGD4C8GOpIlN,spotify:track:43rA71bccXFGD4C8GOpIlN,0.298,0.664,0.316,2.03e-06,0.0812,-10.345,0.519,92.875,0.541,74,170640
55,Cruel Summer,Lover,2019-08-23,2,1BxfuPKGuaTgP7aM0Bbdwr,spotify:track:1BxfuPKGuaTgP7aM0Bbdwr,0.117,0.552,0.702,2.06e-05,0.105,-5.707,0.157,169.994,0.564,96,178426
56,Lover,Lover,2019-08-23,3,1dGr1c8CrMLDpV6mPbImSI,spotify:track:1dGr1c8CrMLDpV6mPbImSI,0.492,0.359,0.543,1.58e-05,0.118,-7.582,0.0919,68.534,0.453,90,221306
57,The Man,Lover,2019-08-23,4,3RauEVgRgj1IuWdJ9fDs70,spotify:track:3RauEVgRgj1IuWdJ9fDs70,0.0767,0.777,0.658,0.0,0.0901,-5.191,0.054,110.048,0.633,84,190360
58,The Archer,Lover,2019-08-23,5,3pHkh7d0lzM2AldUtz2x37,spotify:track:3pHkh7d0lzM2AldUtz2x37,0.12,0.292,0.574,0.00569,0.0663,-9.375,0.0401,124.344,0.166,81,211240
59,I Think He Knows,Lover,2019-08-23,6,2YWtcWi3a83pdEg3Gif4Pd,spotify:track:2YWtcWi3a83pdEg3Gif4Pd,0.00889,0.897,0.366,0.000353,0.0715,-8.029,0.0569,100.003,0.416,75,173386
60,Miss Americana & The Heartbreak Prince,Lover,2019-08-23,7,214nt20w5wOxJnY462klLw,spotify:track:214nt20w5wOxJnY462klLw,0.028,0.662,0.747,0.00615,0.138,-6.926,0.0736,150.088,0.487,81,234146
61,Paper Rings,Lover,2019-08-23,8,4y5bvROuBDPr5fuwXbIBZR,spotify:track:4y5bvROuBDPr5fuwXbIBZR,0.0129,0.811,0.719,1.36e-05,0.0742,-6.553,0.0497,103.979,0.865,82,222400
62,Cornelia Street,Lover,2019-08-23,9,12M5uqx0ZuwkpLp5rJim1a,spotify:track:12M5uqx0ZuwkpLp5rJim1a,0.781,0.824,0.624,0.000189,0.1,-9.728,0.0827,102.012,0.248,77,287266
63,Death By A Thousand Cuts,Lover,2019-08-23,10,2dgFqt3w9xIQRjhPtwNk3D,spotify:track:2dgFqt3w9xIQRjhPtwNk3D,0.454,0.712,0.732,0.0,0.319,-6.754,0.0629,94.071,0.313,75,198533
64,London Boy,Lover,2019-08-23,11,1LLXZFeAHK9R4xUramtUKw,spotify:track:1LLXZFeAHK9R4xUramtUKw,0.0246,0.695,0.71,0.000104,0.133,-6.639,0.05,157.925,0.557,77,190240
65,Soon You’ll Get Better (feat. The Chicks),Lover,2019-08-23,12,4AYtqFyFbX0Xkc2wtcygTr,spotify:track:4AYtqFyFbX0Xkc2wtcygTr,0.907,0.433,0.182,0.0,0.123,-12.566,0.0641,207.476,0.421,69,201586
66,False God,Lover,2019-08-23,13,5hQSXkFgbxjZo9uCwd11so,spotify:track:5hQSXkFgbxjZo9uCwd11so,0.736,0.739,0.32,0.000147,0.111,-10.862,0.239,79.97,0.351,76,200306
67,You Need To Calm Down,Lover,2019-08-23,14,6RRNNciQGZEXnqk8SQ9yv5,spotify:track:6RRNNciQGZEXnqk8SQ9yv5,0.00929,0.771,0.671,0.0,0.0637,-5.617,0.0553,85.026,0.714,83,171360
68,Afterglow,Lover,2019-08-23,15,1SymEzIT3H8UZfibCs3TYi,spotify:track:1SymEzIT3H8UZfibCs3TYi,0.13,0.756,0.449,0.0,0.114,-8.746,0.0344,111.011,0.399,78,223293
69,ME! (feat. Brendon Urie of Panic! At The Disco),Lover,2019-08-23,16,2Rk4JlNc2TPmZe2af99d45,spotify:track:2Rk4JlNc2TPmZe2af99d45,0.033,0.61,0.83,0.0,0.118,-4.105,0.0571,182.162,0.728,78,193000
70,It’s Nice To Have A Friend,Lover,2019-08-23,17,1SmiQ65iSAbPto6gPFlBYm,spotify:track:1SmiQ65iSAbPto6gPFlBYm,0.971,0.737,0.175,0.000337,0.171,-9.912,0.0401,70.008,0.545,69,150440
71,Daylight,Lover,2019-08-23,18,1fzAuUVbzlhZ1lJAx9PtY6,spotify:track:1fzAuUVbzlhZ1lJAx9PtY6,0.808,0.557,0.496,0.000173,0.0772,-9.602,0.0563,149.983,0.265,82,293453
72,...Ready For It?,reputation,2017-11-10,1,2yLa0QULdQr0qAIvVwN6B5,spotify:track:2yLa0QULdQr0qAIvVwN6B5,0.0527,0.613,0.764,0.0,0.197,-6.509,0.136,160.015,0.417,84,208186
73,End Game,reputation,2017-11-10,2,2x0WlnmfG39ZuDmstl9xfX,spotify:track:2x0WlnmfG39ZuDmstl9xfX,0.00845,0.649,0.589,0.0,0.108,-6.237,0.0558,159.073,0.151,78,244826
74,I Did Something Bad,reputation,2017-11-10,3,4svZDCRz4cJoneBpjpx8DJ,spotify:track:4svZDCRz4cJoneBpjpx8DJ,0.0679,0.696,0.602,2.11e-05,0.0696,-6.156,0.159,82.989,0.305,79,238253
75,Don’t Blame Me,reputation,2017-11-10,4,1R0a2iXumgCiFb7HEZ7gUE,spotify:track:1R0a2iXumgCiFb7HEZ7gUE,0.106,0.615,0.534,1.76e-05,0.0607,-6.719,0.0386,135.917,0.193,88,236413
76,Delicate,reputation,2017-11-10,5,6NFyWDv5CjfwuzoCkw47Xf,spotify:track:6NFyWDv5CjfwuzoCkw47Xf,0.216,0.75,0.404,0.000357,0.0911,-10.178,0.0682,95.045,0.0499,84,232253
77,Look What You Made Me Do,reputation,2017-11-10,6,1P17dC1amhFzptugyAO7Il,spotify:track:1P17dC1amhFzptugyAO7Il,0.204,0.766,0.709,1.41e-05,0.126,-6.471,0.123,128.07,0.506,84,211853
78,So It Goes...,reputation,2017-11-10,7,5PxFv9yJEg9dxvbZggykro,spotify:track:5PxFv9yJEg9dxvbZggykro,0.122,0.574,0.61,1.1e-06,0.13,-7.283,0.0732,74.957,0.374,73,227906
79,Gorgeous,reputation,2017-11-10,8,1ZY1PqizIl78geGM4xWlEA,spotify:track:1ZY1PqizIl78geGM4xWlEA,0.0713,0.8,0.535,9.48e-06,0.213,-6.684,0.135,92.027,0.451,80,209680
80,Getaway Car,reputation,2017-11-10,9,0VE4kBnHJUgtMf0dy6DRmW,spotify:track:0VE4kBnHJUgtMf0dy6DRmW,0.00465,0.562,0.689,2.23e-06,0.0888,-6.745,0.127,172.054,0.351,84,233626
81,King Of My Heart,reputation,2017-11-10,10,7HuBDWi18s4aJM8UFnNheH,spotify:track:7HuBDWi18s4aJM8UFnNheH,0.00882,0.675,0.703,2.21e-06,0.0391,-7.902,0.0382,110.01,0.314,76,214320
82,Dancing With Our Hands Tied,reputation,2017-11-10,11,7I7JbDv63ZJJsSi24DyJrz,spotify:track:7I7JbDv63ZJJsSi24DyJrz,0.0604,0.624,0.691,1.1e-05,0.138,-6.686,0.196,160.024,0.284,75,211506
83,Dress,reputation,2017-11-10,12,6oVxXO5oQ4pTpO8RSnkzvv,spotify:track:6oVxXO5oQ4pTpO8RSnkzvv,0.0329,0.719,0.469,0.0,0.169,-8.792,0.0533,120.085,0.0851,79,230373
84,This Is Why We Can't Have Nice Things,reputation,2017-11-10,13,07NxDD1iKCHbAldceD7QLP,spotify:track:07NxDD1iKCHbAldceD7QLP,0.0156,0.567,0.789,0.0,0.382,-5.986,0.115,163.96,0.438,74,207133
85,Call It What You Want,reputation,2017-11-10,14,1GwMQaZz6Au3QLDbjbMdme,spotify:track:1GwMQaZz6Au3QLDbjbMdme,0.186,0.598,0.504,0.000221,0.34,-9.874,0.0731,163.954,0.252,78,203506
86,New Year’s Day,reputation,2017-11-10,15,7F5oktn5YOsR9eR5YsFtqb,spotify:track:7F5oktn5YOsR9eR5YsFtqb,0.921,0.661,0.151,0.0,0.13,-12.864,0.0354,94.922,0.23,74,235466
87,Welcome To New York,1989 (Deluxe Edition),2014-10-27,1,33Kq0AT5rvwyE4azisG08x,spotify:track:33Kq0AT5rvwyE4azisG08x,0.0348,0.789,0.634,1.64e-06,0.302,-4.762,0.0323,116.992,0.658,50,212600
88,Blank Space,1989 (Deluxe Edition),2014-10-27,2,2sC2P3BN0IXujNaaSyDmtP,spotify:track:2sC2P3BN0IXujNaaSyDmtP,0.103,0.76,0.703,0.0,0.0913,-5.412,0.054,95.997,0.57,54,231826
89,Style,1989 (Deluxe Edition),2014-10-27,3,1fo2ctLqj3zBhRQKOXprol,spotify:track:1fo2ctLqj3zBhRQKOXprol,0.00245,0.588,0.791,0.00258,0.118,-5.595,0.0402,94.933,0.487,57,231000
90,Out Of The Woods,1989 (Deluxe Edition),2014-10-27,4,6Nde5KuTXyB7jlPO4upaBo,spotify:track:6Nde5KuTXyB7jlPO4upaBo,0.000743,0.553,0.841,1.19e-05,0.341,-6.937,0.0396,92.008,0.338,53,235800
91,All You Had To Do Was Stay,1989 (Deluxe Edition),2014-10-27,5,0lmMtDQ2ElasKU2qDAE6NN,spotify:track:0lmMtDQ2ElasKU2qDAE6NN,0.00201,0.605,0.725,2.02e-05,0.101,-5.729,0.0323,96.97,0.539,48,193293
92,Shake It Off,1989 (Deluxe Edition),2014-10-27,6,3fthfkkvy9av3q3uAGVf7U,spotify:track:3fthfkkvy9av3q3uAGVf7U,0.0647,0.647,0.8,0.0,0.334,-5.384,0.165,160.078,0.942,53,219200
93,I Wish You Would,1989 (Deluxe Edition),2014-10-27,7,1B5VzXPqMlvRw0U4HJY3dJ,spotify:track:1B5VzXPqMlvRw0U4HJY3dJ,0.0158,0.653,0.893,4.95e-05,0.102,-5.966,0.0538,118.035,0.513,53,207440
94,Bad Blood,1989 (Deluxe Edition),2014-10-27,8,0yN4fNzmVnmgC0dsOoi9Wh,spotify:track:0yN4fNzmVnmgC0dsOoi9Wh,0.0885,0.646,0.794,6.16e-06,0.201,-6.104,0.19,170.216,0.287,50,211933
95,Wildest Dreams,1989 (Deluxe Edition),2014-10-27,9,106R7Z57WYzBAfrXImV30y,spotify:track:106R7Z57WYzBAfrXImV30y,0.0692,0.55,0.688,0.00144,0.106,-7.416,0.0897,139.997,0.465,51,220440
96,How You Get The Girl,1989 (Deluxe Edition),2014-10-27,10,6wfugRLamFsTRbPcCpNnP7,spotify:track:6wfugRLamFsTRbPcCpNnP7,0.00364,0.765,0.656,0.00868,0.0918,-6.112,0.0504,119.997,0.545,54,247533
97,This Love,1989 (Deluxe Edition),2014-10-27,11,1kTPQnabROVkW9bUXdCGrB,spotify:track:1kTPQnabROVkW9bUXdCGrB,0.678,0.481,0.435,0.0,0.0928,-8.795,0.0321,143.95,0.107,49,250093
98,I Know Places,1989 (Deluxe Edition),2014-10-27,12,2zfgVd034GlUvk7LqBHl6u,spotify:track:2zfgVd034GlUvk7LqBHl6u,0.245,0.602,0.755,0.0,0.178,-4.991,0.071,159.965,0.495,51,195706
99,Clean,1989 (Deluxe Edition),2014-10-27,13,4bXCcoesMt8u99xMsbLr9U,spotify:track:4bXCcoesMt8u99xMsbLr9U,0.232,0.815,0.377,0.0,0.1,-7.754,0.0346,103.97,0.211,56,271000
100,Wonderland,1989 (Deluxe Edition),2014-10-27,14,6iWMI5oOhWrDbLbjmwTWFq,spotify:track:6iWMI5oOhWrDbLbjmwTWFq,0.0493,0.422,0.692,2.57e-05,0.177,-5.447,0.0549,184.014,0.197,56,245560
101,You Are In Love,1989 (Deluxe Edition),2014-10-27,15,4A2LfnduSTsE8u0ecYROxE,spotify:track:4A2LfnduSTsE8u0ecYROxE,0.707,0.474,0.48,0.000108,0.0903,-8.894,0.0622,170.109,0.319,56,267106
102,New Romantics,1989 (Deluxe Edition),2014-10-27,16,6rZVy6FIG7lSJQMFXHo12z,spotify:track:6rZVy6FIG7lSJQMFXHo12z,0.00463,0.633,0.889,0.000458,0.0658,-5.87,0.0715,121.956,0.584,63,230466
103,I Know Places - Voice Memo,1989 (Deluxe Edition),2014-10-27,17,4JQm7ebhsrt10wmrP6AfXL,spotify:track:4JQm7ebhsrt10wmrP6AfXL,0.829,0.592,0.128,0.0,0.527,-17.932,0.589,78.828,0.15,33,216333
104,I Wish You Would - Voice Memo,1989 (Deluxe Edition),2014-10-27,18,4TtyvyI42C0KFnbDZvNC8Y,spotify:track:4TtyvyI42C0KFnbDZvNC8Y,0.717,0.781,0.357,0.0,0.185,-16.394,0.912,118.317,0.645,32,107133
105,Blank Space - Voice Memo,1989 (Deluxe Edition),2014-10-27,19,0yisH8r0f3Mkq34kjzUlCV,spotify:track:0yisH8r0f3Mkq34kjzUlCV,0.801,0.675,0.234,0.0,0.657,-15.064,0.721,127.296,0.578,33,131186
106,State Of Grace,Red (Deluxe Edition),2012-10-22,1,5zyCYmiaVE5y26EZuwZbsw,spotify:track:5zyCYmiaVE5y26EZuwZbsw,0.000197,0.588,0.825,0.00138,0.0885,-5.882,0.0328,129.968,0.397,43,295186
107,Red,Red (Deluxe Edition),2012-10-22,2,1RvQQGwaPipiNgz8RXAKA8,spotify:track:1RvQQGwaPipiNgz8RXAKA8,0.0773,0.602,0.896,8.87e-05,0.091,-4.267,0.0437,124.978,0.641,50,220826
108,Treacherous,Red (Deluxe Edition),2012-10-22,3,0XfOV7qY3834QpFVwOb6CC,spotify:track:0XfOV7qY3834QpFVwOb6CC,0.101,0.705,0.621,4.3e-06,0.147,-8.086,0.0334,109.993,0.395,41,240773
109,I Knew You Were Trouble.,Red (Deluxe Edition),2012-10-22,4,0ciHz919LVKoH4zgxyMPZ9,spotify:track:0ciHz919LVKoH4zgxyMPZ9,0.00454,0.622,0.469,2.25e-06,0.0398,-6.798,0.0363,77.019,0.679,50,217973
110,All Too Well,Red (Deluxe Edition),2012-10-22,5,1q3RiD1tIWUpGsNFADMlvl,spotify:track:1q3RiD1tIWUpGsNFADMlvl,0.0382,0.602,0.609,0.0002,0.127,-7.803,0.0243,93.06,0.337,56,327893
111,22,Red (Deluxe Edition),2012-10-22,6,3bIxTsfeNMO7Nt2J3EUKrA,spotify:track:3bIxTsfeNMO7Nt2J3EUKrA,0.00215,0.658,0.729,0.0013,0.0752,-6.561,0.0378,104.007,0.668,55,230133
112,I Almost Do,Red (Deluxe Edition),2012-10-22,7,31pEV5lPJi7btskZoUr2yu,spotify:track:31pEV5lPJi7btskZoUr2yu,0.0173,0.567,0.481,4.13e-05,0.182,-7.357,0.027,145.865,0.233,42,242573
113,We Are Never Ever Getting Back Together,Red (Deluxe Edition),2012-10-22,8,1OYARuagDrpgNNQ4loO1Cs,spotify:track:1OYARuagDrpgNNQ4loO1Cs,0.00957,0.628,0.676,2.65e-05,0.102,-5.911,0.0916,85.984,0.75,48,191880
114,Stay Stay Stay,Red (Deluxe Edition),2012-10-22,9,1x0J8LFX23d5h1zzuzZorc,spotify:track:1x0J8LFX23d5h1zzuzZorc,0.307,0.729,0.748,1.29e-06,0.09,-6.67,0.0245,99.981,0.928,43,204826
115,The Last Time,Red (Deluxe Edition),2012-10-22,10,7vvIpJZye5cRR6De1LKM0m,spotify:track:7vvIpJZye5cRR6De1LKM0m,0.035,0.505,0.443,3.15e-06,0.0921,-7.039,0.0276,94.069,0.123,44,298293
116,Holy Ground,Red (Deluxe Edition),2012-10-22,11,5d2Kn9oAAh9S2EbyCo1i52,spotify:track:5d2Kn9oAAh9S2EbyCo1i52,0.0162,0.627,0.816,0.00208,0.0966,-6.698,0.0774,157.043,0.648,42,201853
117,Sad Beautiful Tragic,Red (Deluxe Edition),2012-10-22,12,5QKhg4r4Ibt0LVTmWEXTEg,spotify:track:5QKhg4r4Ibt0LVTmWEXTEg,0.632,0.624,0.34,0.0337,0.121,-12.411,0.029,129.987,0.261,39,283680
118,The Lucky One,Red (Deluxe Edition),2012-10-22,13,2wtHlpYSgC7xEdD3DrSHNL,spotify:track:2wtHlpYSgC7xEdD3DrSHNL,0.0371,0.706,0.499,0.0,0.132,-7.675,0.0369,117.937,0.545,40,240133
119,Everything Has Changed,Red (Deluxe Edition),2012-10-22,14,7gdwoOmi258QJq0hmQ4hto,spotify:track:7gdwoOmi258QJq0hmQ4hto,0.36,0.624,0.458,3.89e-06,0.303,-6.755,0.0287,80.017,0.436,44,243933
120,Starlight,Red (Deluxe Edition),2012-10-22,15,0vqI4ZIMuifeKeItGiWbPj,spotify:track:0vqI4ZIMuifeKeItGiWbPj,0.0213,0.649,0.777,0.000335,0.221,-5.804,0.0406,126.018,0.587,40,217826
121,Begin Again,Red (Deluxe Edition),2012-10-22,16,48A0aShHlovDfTMucMrE66,spotify:track:48A0aShHlovDfTMucMrE66,0.199,0.53,0.526,3.52e-06,0.232,-8.349,0.0263,79.025,0.323,41,237613
122,The Moment I Knew,Red (Deluxe Edition),2012-10-22,17,5AsmAjBSSQjRPWgAYIp8tm,spotify:track:5AsmAjBSSQjRPWgAYIp8tm,0.187,0.62,0.506,1.47e-05,0.102,-7.327,0.0312,126.015,0.275,38,285560
123,Come Back...Be Here,Red (Deluxe Edition),2012-10-22,18,4qyalTRMRH5YuEntvvMvq0,spotify:track:4qyalTRMRH5YuEntvvMvq0,0.00471,0.483,0.548,2.01e-06,0.0997,-6.291,0.0254,79.926,0.217,42,222706
124,Girl At Home,Red (Deluxe Edition),2012-10-22,19,6cf6rLb8qcklvJv90W6HCW,spotify:track:6cf6rLb8qcklvJv90W6HCW,0.272,0.733,0.59,0.0,0.136,-5.86,0.0284,125.048,0.633,35,220320
125,Treacherous - Original Demo Recording,Red (Deluxe Edition),2012-10-22,20,7BT9K9BDqq6HI2oWH5UMZQ,spotify:track:7BT9K9BDqq6HI2oWH5UMZQ,0.175,0.828,0.64,6.14e-05,0.0996,-8.248,0.0355,109.993,0.519,34,239720
126,Red - Original Demo Recording,Red (Deluxe Edition),2012-10-22,21,4mqgn90sCeVSYqcoftTQTd,spotify:track:4mqgn90sCeVSYqcoftTQTd,0.113,0.678,0.902,0.000235,0.0722,-4.659,0.0358,124.998,0.637,36,226280
127,State Of Grace - Acoustic,Red (Deluxe Edition),2012-10-22,22,5G9AVKld9q7DCrmoY42raf,spotify:track:5G9AVKld9q7DCrmoY42raf,0.664,0.626,0.118,0.000169,0.127,-15.91,0.0305,105.597,0.0682,36,323080
128,Mine,Speak Now (Deluxe Edition),2010-10-25,1,6LZaxlycSWrJZ4Volb25qx,spotify:track:6LZaxlycSWrJZ4Volb25qx,0.00265,0.624,0.757,1.87e-06,0.189,-2.94,0.0296,121.07,0.658,50,230706
129,Sparks Fly,Speak Now (Deluxe Edition),2010-10-25,2,1q8E1FfFuhd12c5JcJwPxQ,spotify:track:1q8E1FfFuhd12c5JcJwPxQ,0.0396,0.605,0.787,1.42e-06,0.163,-3.002,0.0308,114.987,0.374,50,260933
130,Back To December,Speak Now (Deluxe Edition),2010-10-25,3,7lxADouiWFkwR7ZV2GKUcH,spotify:track:7lxADouiWFkwR7ZV2GKUcH,0.117,0.529,0.67,0.0,0.334,-4.663,0.0303,141.893,0.286,50,293026
131,Speak Now,Speak Now (Deluxe Edition),2010-10-25,4,1nYWTzy5zu3zEPNgB1sItW,spotify:track:1nYWTzy5zu3zEPNgB1sItW,0.095,0.709,0.599,0.0,0.0973,-3.734,0.0304,118.975,0.735,44,240760
132,Dear John,Speak Now (Deluxe Edition),2010-10-25,5,1ubvV5ECkm6nSI6g1HmbBK,spotify:track:1ubvV5ECkm6nSI6g1HmbBK,0.166,0.589,0.47,1.45e-06,0.112,-5.32,0.028,119.386,0.102,49,403920
133,Mean,Speak Now (Deluxe Edition),2010-10-25,6,4N60XfcTE1ysLZGbYgnYXq,spotify:track:4N60XfcTE1ysLZGbYgnYXq,0.452,0.568,0.761,0.0,0.217,-3.987,0.0459,163.974,0.789,53,237733
134,The Story Of Us,Speak Now (Deluxe Edition),2010-10-25,7,19tHCfzUSoy5HkpxcmbA0A,spotify:track:19tHCfzUSoy5HkpxcmbA0A,0.00478,0.543,0.818,0.000368,0.0357,-3.611,0.0398,139.898,0.683,45,265666
135,Never Grow Up,Speak Now (Deluxe Edition),2010-10-25,8,74WBGgUnpKrJXt6TETfR6Z,spotify:track:74WBGgUnpKrJXt6TETfR6Z,0.819,0.714,0.305,0.0,0.174,-8.837,0.0305,124.91,0.554,49,290466
136,Enchanted,Speak Now (Deluxe Edition),2010-10-25,9,14LtANuaslKWyYbktUrHBU,spotify:track:14LtANuaslKWyYbktUrHBU,0.0739,0.455,0.623,0.000424,0.146,-3.878,0.0288,163.893,0.208,49,352186
137,Better Than Revenge,Speak Now (Deluxe Edition),2010-10-25,10,1By2VQkUN0Frd8mKNV5NYC,spotify:track:1By2VQkUN0Frd8mKNV5NYC,0.0139,0.516,0.917,6.37e-06,0.36,-3.186,0.0827,145.821,0.635,57,217160
138,Innocent,Speak Now (Deluxe Edition),2010-10-25,11,3kfgJql90tzgoxByioAMXR,spotify:track:3kfgJql90tzgoxByioAMXR,0.186,0.552,0.608,0.0,0.125,-5.29,0.0259,134.05,0.17,41,302253
139,Haunted,Speak Now (Deluxe Edition),2010-10-25,12,11UaQaEp2LvdspTyyuE3ur,spotify:track:11UaQaEp2LvdspTyyuE3ur,0.0826,0.436,0.95,1.08e-06,0.149,-2.627,0.057,162.088,0.352,50,242080
140,Last Kiss,Speak Now (Deluxe Edition),2010-10-25,13,1D27z8xNzjW0Mwwt1NCWhJ,spotify:track:1D27z8xNzjW0Mwwt1NCWhJ,0.57,0.371,0.341,3.09e-05,0.101,-9.475,0.0319,89.038,0.196,46,367133
141,Long Live,Speak Now (Deluxe Edition),2010-10-25,14,7DjCRhhFo9PPzca1BjMLcf,spotify:track:7DjCRhhFo9PPzca1BjMLcf,0.036,0.418,0.68,7.59e-05,0.114,-4.3,0.0347,204.12,0.142,46,317453
142,Ours,Speak Now (Deluxe Edition),2010-10-25,15,1EQn3Uc5AyUXoiPLeyCrrg,spotify:track:1EQn3Uc5AyUXoiPLeyCrrg,0.537,0.608,0.569,0.0,0.097,-7.227,0.0284,159.845,0.238,49,237920
143,If This Was A Movie,Speak Now (Deluxe Edition),2010-10-25,16,0vvt4IZOMkRug195S4MUq0,spotify:track:0vvt4IZOMkRug195S4MUq0,0.166,0.511,0.719,4.54e-06,0.34,-3.457,0.0265,147.852,0.289,46,234546
144,Superman,Speak Now (Deluxe Edition),2010-10-25,17,2R7C9dDqv1UPycvepBFziA,spotify:track:2R7C9dDqv1UPycvepBFziA,0.0268,0.582,0.765,1.95e-06,0.103,-3.648,0.0324,131.982,0.559,42,275960
145,Back To December - Acoustic,Speak Now (Deluxe Edition),2010-10-25,18,6IH2Z54gYPLqgJtxZjX80i,spotify:track:6IH2Z54gYPLqgJtxZjX80i,0.748,0.541,0.453,0.0,0.2,-6.459,0.0266,141.757,0.377,46,292560
146,Haunted - Acoustic Version,Speak Now (Deluxe Edition),2010-10-25,19,62rlxI6g2PNaWsHoiRryto,spotify:track:62rlxI6g2PNaWsHoiRryto,0.842,0.563,0.443,0.0,0.293,-5.078,0.0247,80.962,0.313,46,217613
147,Mine - POP Mix,Speak Now (Deluxe Edition),2010-10-25,20,0fAbfDiuQiUwV7FUcFfRGY,spotify:track:0fAbfDiuQiUwV7FUcFfRGY,0.00727,0.695,0.723,1.2e-06,0.1,-3.806,0.0285,121.011,0.679,41,230333
148,Jump Then Fall,Fearless Platinum Edition,2008-11-11,1,08gavXombT6KR0af88i9tA,spotify:track:08gavXombT6KR0af88i9tA,0.111,0.618,0.687,0.0,0.0693,-5.737,0.0271,79.991,0.82,42,237066
149,Untouchable,Fearless Platinum Edition,2008-11-11,2,2IZ00ed83ygPIiacYScWUE,spotify:track:2IZ00ed83ygPIiacYScWUE,0.0583,0.419,0.454,3.78e-06,0.0974,-6.809,0.0335,200.017,0.288,41,311040
150,Forever & Always - Piano Version,Fearless Platinum Edition,2008-11-11,3,46HGgtwmmuEB8mvDCyjyAc,spotify:track:46HGgtwmmuEB8mvDCyjyAc,0.852,0.592,0.16,0.0,0.116,-10.785,0.0347,118.929,0.294,42,267506
151,Come In With The Rain,Fearless Platinum Edition,2008-11-11,4,4pl5zcqCv4vc3cB7M4MZ6f,spotify:track:4pl5zcqCv4vc3cB7M4MZ6f,0.0868,0.527,0.475,4.34e-06,0.248,-6.205,0.0258,143.962,0.224,41,238106
152,SuperStar,Fearless Platinum Edition,2008-11-11,5,14Bljc3pOOG0xQX3wqhLN9,spotify:track:14Bljc3pOOG0xQX3wqhLN9,0.367,0.61,0.531,0.0,0.351,-6.123,0.0239,85.979,0.228,39,261453
153,The Other Side Of The Door,Fearless Platinum Edition,2008-11-11,6,0xvsgzM8AtBtRHZm5rav8A,spotify:track:0xvsgzM8AtBtRHZm5rav8A,0.169,0.476,0.816,0.0,0.238,-4.279,0.0347,163.847,0.469,40,237600
154,Fearless,Fearless Platinum Edition,2008-11-11,7,3F6czr26ZwGU5O5CHY04Ma,spotify:track:3F6czr26ZwGU5O5CHY04Ma,0.0364,0.598,0.714,1.04e-06,0.31,-4.397,0.0273,99.979,0.467,43,242000
155,Fifteen,Fearless Platinum Edition,2008-11-11,8,3M0w3fhdXByHLCNAoi5c9G,spotify:track:3M0w3fhdXByHLCNAoi5c9G,0.0728,0.559,0.636,0.0,0.144,-4.4,0.0263,95.485,0.214,42,294346
156,Love Story,Fearless Platinum Edition,2008-11-11,9,0kN3oXYWWAk1uC0y2WoyOE,spotify:track:0kN3oXYWWAk1uC0y2WoyOE,0.157,0.618,0.736,0.0,0.073,-3.937,0.0308,118.982,0.307,49,235280
157,Hey Stephen,Fearless Platinum Edition,2008-11-11,10,6wcFdMmiDscAhZJrcVFumx,spotify:track:6wcFdMmiDscAhZJrcVFumx,0.168,0.843,0.553,2.66e-06,0.107,-7.348,0.0317,115.997,0.825,41,254320
158,White Horse,Fearless Platinum Edition,2008-11-11,11,4jPtq9shRdUv8Zjr0a5xkD,spotify:track:4jPtq9shRdUv8Zjr0a5xkD,0.302,0.585,0.346,0.0,0.102,-8.014,0.0256,92.564,0.195,42,234440
159,You Belong With Me,Fearless Platinum Edition,2008-11-11,12,3as6Wz3mwbTnusWhZjTUNr,spotify:track:3as6Wz3mwbTnusWhZjTUNr,0.164,0.687,0.771,2.46e-05,0.112,-4.424,0.0384,129.964,0.445,50,231146
160,Breathe,Fearless Platinum Edition,2008-11-11,13,6S9G7J3EB1ZY0rrZPwsBg5,spotify:track:6S9G7J3EB1ZY0rrZPwsBg5,0.373,0.498,0.486,0.0,0.113,-7.384,0.0273,147.952,0.17,41,263986
161,Tell Me Why,Fearless Platinum Edition,2008-11-11,14,4XrP7vKBjKLEYlRZdb0Ygr,spotify:track:4XrP7vKBjKLEYlRZdb0Ygr,0.0606,0.601,0.852,3.41e-06,0.37,-3.096,0.0386,100.015,0.513,39,200560
162,You're Not Sorry,Fearless Platinum Edition,2008-11-11,15,6HWYtS215rxaaMjvpyG18W,spotify:track:6HWYtS215rxaaMjvpyG18W,0.13,0.459,0.459,2.3e-06,0.113,-4.126,0.0275,134.018,0.281,40,261800
163,The Way I Loved You,Fearless Platinum Edition,2008-11-11,16,77VotUUL79U10TAnYdqwvr,spotify:track:77VotUUL79U10TAnYdqwvr,0.0322,0.436,0.712,0.0,0.111,-3.689,0.0329,160.886,0.379,41,244240
164,Forever & Always,Fearless Platinum Edition,2008-11-11,17,1zxrcAk6eiytfavqriMcKT,spotify:track:1zxrcAk6eiytfavqriMcKT,0.0907,0.605,0.829,0.0,0.106,-4.993,0.0549,128.012,0.514,41,225333
165,The Best Day,Fearless Platinum Edition,2008-11-11,18,5YbZZ2gYfvW1UvHHF4pVaD,spotify:track:5YbZZ2gYfvW1UvHHF4pVaD,0.611,0.664,0.447,1e-06,0.139,-8.535,0.0292,126.079,0.364,39,245346
166,Change,Fearless Platinum Edition,2008-11-11,19,0RdcBnAXyH2YZZvcBVu2k6,spotify:track:0RdcBnAXyH2YZZvcBVu2k6,0.00471,0.548,0.756,0.0,0.117,-4.175,0.036,96.038,0.224,38,281053
167,Tim McGraw,Taylor Swift,2006-10-24,1,0Om9WAB5RS09L80DyOfTNa,spotify:track:0Om9WAB5RS09L80DyOfTNa,0.575,0.58,0.491,0.0,0.121,-6.462,0.0251,76.009,0.425,65,232106
168,Picture To Burn,Taylor Swift,2006-10-24,2,32mVHdy0bi1XKgr0ajsBlG,spotify:track:32mVHdy0bi1XKgr0ajsBlG,0.173,0.658,0.877,0.0,0.0962,-2.098,0.0323,105.586,0.821,68,173066
169,Teardrops On My Guitar - Radio Single Remix,Taylor Swift,2006-10-24,3,7zMcNqs55Mxer82bvZFkpg,spotify:track:7zMcNqs55Mxer82bvZFkpg,0.288,0.621,0.417,0.0,0.119,-6.941,0.0231,99.953,0.289,65,203040
170,A Place in this World,Taylor Swift,2006-10-24,4,73OX8GdpOeGzKC6OvGSbsv,spotify:track:73OX8GdpOeGzKC6OvGSbsv,0.051,0.576,0.777,0.0,0.32,-2.881,0.0324,115.028,0.428,57,199200
171,Cold As You,Taylor Swift,2006-10-24,5,7an1exwMnfYRcdVQm0yDev,spotify:track:7an1exwMnfYRcdVQm0yDev,0.217,0.418,0.482,0.0,0.123,-5.769,0.0266,175.558,0.261,57,239013
172,The Outside,Taylor Swift,2006-10-24,6,2QA3IixpRcKyOdG7XDzRgv,spotify:track:2QA3IixpRcKyOdG7XDzRgv,0.00491,0.589,0.805,0.0,0.24,-4.055,0.0293,112.982,0.591,55,207106
173,Tied Together with a Smile,Taylor Swift,2006-10-24,7,6K0CJLVXqbGMeJSmJ4ENKK,spotify:track:6K0CJLVXqbGMeJSmJ4ENKK,0.525,0.479,0.578,0.0,0.0841,-4.963,0.0294,146.165,0.192,56,248106
174,Stay Beautiful,Taylor Swift,2006-10-24,8,2ZoOmCSgj0ypVAmGd1ve4y,spotify:track:2ZoOmCSgj0ypVAmGd1ve4y,0.0868,0.594,0.629,0.0,0.137,-4.919,0.0246,131.597,0.504,56,236053
175,Should've Said No,Taylor Swift,2006-10-24,9,16MVSD0mGI4RMQT83Qzm69,spotify:track:16MVSD0mGI4RMQT83Qzm69,0.0103,0.476,0.777,0.0,0.196,-3.771,0.0289,167.964,0.472,64,242200
176,Mary's Song (Oh My My My),Taylor Swift,2006-10-24,10,2QrQCMel6v2JiLxqrg4p2O,spotify:track:2QrQCMel6v2JiLxqrg4p2O,0.0177,0.403,0.627,0.0,0.182,-5.28,0.0292,74.9,0.374,58,213080
177,Our Song,Taylor Swift,2006-10-24,11,15DeqWWQB4dcEWzJg15VrN,spotify:track:15DeqWWQB4dcEWzJg15VrN,0.111,0.668,0.672,0.0,0.329,-4.931,0.0303,89.011,0.539,72,201106
178,I'm Only Me When I'm With You,Taylor Swift,2006-10-24,12,0JIdBrXGSJXS72zjF9ss9u,spotify:track:0JIdBrXGSJXS72zjF9ss9u,0.00452,0.563,0.934,0.000807,0.103,-3.629,0.0646,143.964,0.518,58,213053
179,Invisible,Taylor Swift,2006-10-24,13,5OOd01o2YS1QFwdpVLds3r,spotify:track:5OOd01o2YS1QFwdpVLds3r,0.637,0.612,0.394,0.0,0.147,-5.723,0.0243,96.001,0.233,55,203226
180,A Perfectly Good Heart,Taylor Swift,2006-10-24,14,1spLfUJxtyVyiKKTegQ2r4,spotify:track:1spLfUJxtyVyiKKTegQ2r4,0.00349,0.483,0.751,0.0,0.128,-5.726,0.0365,156.092,0.268,53,220146
181,Teardrops on My Guitar - Pop Version,Taylor Swift,2006-10-24,15,4pJi1rVt9GNegU9kywjg4z,spotify:track:4pJi1rVt9GNegU9kywjg4z,0.0402,0.459,0.753,0.0,0.0863,-3.827,0.0537,199.997,0.483,54,179066
182,Fortnight (feat. Post Malone),THE TORTURED POETS DEPARTMENT: THE ANTHOLOGY,2024-04-19,1,6dODwocEuGzHAavXqTbwHv,spotify:track:6dODwocEuGzHAavXqTbwHv,0.534,0.67,0.395,6.6e-06,0.0981,-10.924,0.0249,95.983,0.279,86,228965
183,The Tortured Poets Department,THE TORTURED POETS DEPARTMENT: THE ANTHOLOGY,2024-04-19,2,4PdLaGZubp4lghChqp8erB,spotify:track:4PdLaGZubp4lghChqp8erB,0.0522,0.604,0.435,3.33e-06,0.124,-8.377,0.0256,110.281,0.248,84,293048
184,My Boy Only Breaks His Favorite Toys,THE TORTURED POETS DEPARTMENT: THE ANTHOLOGY,2024-04-19,3,7uGYWMwRy24dm7RUDDhUlD,spotify:track:7uGYWMwRy24dm7RUDDhUlD,0.163,0.593,0.595,0.0,0.299,-7.348,0.0283,97.073,0.48,84,203801
185,Down Bad,THE TORTURED POETS DEPARTMENT: THE ANTHOLOGY,2024-04-19,4,1kbEbBdEgQdQeLXCJh28pJ,spotify:track:1kbEbBdEgQdQeLXCJh28pJ,0.551,0.406,0.361,0.0,0.0952,-10.296,0.108,159.652,0.172,84,261228
186,"So Long, London",THE TORTURED POETS DEPARTMENT: THE ANTHOLOGY,2024-04-19,5,7wAkQFShJ27V8362MqevQr,spotify:track:7wAkQFShJ27V8362MqevQr,0.761,0.475,0.528,0.0035,0.0804,-11.452,0.269,159.901,0.27,84,262975
187,But Daddy I Love Him,THE TORTURED POETS DEPARTMENT: THE ANTHOLOGY,2024-04-19,6,4QMgEffJQuKtjCNvqfRZ0m,spotify:track:4QMgEffJQuKtjCNvqfRZ0m,0.384,0.398,0.708,0.0,0.138,-7.629,0.124,78.667,0.415,84,340428
188,Fresh Out The Slammer,THE TORTURED POETS DEPARTMENT: THE ANTHOLOGY,2024-04-19,7,7IWcDWOfiooH5hRs9XOVYz,spotify:track:7IWcDWOfiooH5hRs9XOVYz,0.622,0.328,0.491,0.0,0.111,-9.361,0.0387,87.885,0.31,82,210789
189,Florida!!! (feat. Florence + The Machine),THE TORTURED POETS DEPARTMENT: THE ANTHOLOGY,2024-04-19,8,5ExOm0dh4NyRyAdSAO9hyM,spotify:track:5ExOm0dh4NyRyAdSAO9hyM,0.21,0.526,0.565,0.0,0.307,-7.09,0.129,150.053,0.43,83,215463
190,Guilty as Sin?,THE TORTURED POETS DEPARTMENT: THE ANTHOLOGY,2024-04-19,9,799KrpEbhZp0MHeiA8YK9P,spotify:track:799KrpEbhZp0MHeiA8YK9P,0.612,0.627,0.422,0.0,0.073,-8.331,0.0276,94.951,0.43,82,254366
191,Who’s Afraid of Little Old Me?,THE TORTURED POETS DEPARTMENT: THE ANTHOLOGY,2024-04-19,10,2d8UxVNhJinc8uat9PoM9y,spotify:track:2d8UxVNhJinc8uat9PoM9y,0.326,0.603,0.359,0.0,0.11,-10.513,0.0492,119.995,0.276,83,334085
192,I Can Fix Him (No Really I Can),THE TORTURED POETS DEPARTMENT: THE ANTHOLOGY,2024-04-19,11,5chnRTB9qMK3W1M41SnU9s,spotify:track:5chnRTB9qMK3W1M41SnU9s,0.79,0.665,0.252,0.0,0.176,-13.961,0.0442,106.917,0.358,81,156298
193,loml,THE TORTURED POETS DEPARTMENT: THE ANTHOLOGY,2024-04-19,12,3YkNIrAvbKNrrwwEd7NVLl,spotify:track:3YkNIrAvbKNrrwwEd7NVLl,0.869,0.369,0.267,0.0,0.103,-12.561,0.0539,87.038,0.172,82,277157
194,I Can Do It With a Broken Heart,THE TORTURED POETS DEPARTMENT: THE ANTHOLOGY,2024-04-19,13,2fPvQfGQEZOKtJ9qXeL4x8,spotify:track:2fPvQfGQEZOKtJ9qXeL4x8,0.156,0.702,0.759,0.0,0.123,-8.292,0.055,129.951,0.237,84,218005
195,The Smallest Man Who Ever Lived,THE TORTURED POETS DEPARTMENT: THE ANTHOLOGY,2024-04-19,14,1xtw1krCR6Dw2KwkXw5z63,spotify:track:1xtw1krCR6Dw2KwkXw5z63,0.528,0.42,0.405,0.0,0.337,-9.042,0.0579,142.172,0.285,82,245542
196,The Alchemy,THE TORTURED POETS DEPARTMENT: THE ANTHOLOGY,2024-04-19,15,1tuNqJOtRQVHvONR8Lg3MZ,spotify:track:1tuNqJOtRQVHvONR8Lg3MZ,0.408,0.638,0.421,0.0,0.147,-8.655,0.0265,100.026,0.394,81,196900
197,Clara Bow,THE TORTURED POETS DEPARTMENT: THE ANTHOLOGY,2024-04-19,16,4d9PtIEVij9jW5OaLinH66,spotify:track:4d9PtIEVij9jW5OaLinH66,0.662,0.673,0.334,0.00169,0.106,-10.99,0.0271,104.002,0.244,81,216662
198,The Black Dog,THE TORTURED POETS DEPARTMENT: THE ANTHOLOGY,2024-04-19,17,62E2nR0od0M5HYxuYLaDz7,spotify:track:62E2nR0od0M5HYxuYLaDz7,0.675,0.533,0.292,0.0,0.102,-10.63,0.0378,154.128,0.205,82,238857
199,imgonnagetyouback,THE TORTURED POETS DEPARTMENT: THE ANTHOLOGY,2024-04-19,18,1kcwpPDQnqEqmezzXdJTCP,spotify:track:1kcwpPDQnqEqmezzXdJTCP,0.639,0.785,0.4,0.0,0.193,-9.401,0.0642,110.025,0.143,82,222072
200,The Albatross,THE TORTURED POETS DEPARTMENT: THE ANTHOLOGY,2024-04-19,19,4EF6IyONolQy0bIQXm2EmX,spotify:track:4EF6IyONolQy0bIQXm2EmX,0.68,0.479,0.48,0.0,0.0949,-8.889,0.0426,171.962,0.308,82,183879
201,Chloe or Sam or Sophia or Marcus,THE TORTURED POETS DEPARTMENT: THE ANTHOLOGY,2024-04-19,20,1rmEsOezwf2lmIZTMAO5Ag,spotify:track:1rmEsOezwf2lmIZTMAO5Ag,0.779,0.508,0.45,0.0,0.105,-8.495,0.0419,69.993,0.266,81,213281
202,How Did It End?,THE TORTURED POETS DEPARTMENT: THE ANTHOLOGY,2024-04-19,21,5Bedn0svl0ZD7RGmJkmKKw,spotify:track:5Bedn0svl0ZD7RGmJkmKKw,0.797,0.476,0.389,0.000915,0.106,-8.886,0.0263,83.664,0.255,81,238707
203,So High School,THE TORTURED POETS DEPARTMENT: THE ANTHOLOGY,2024-04-19,22,7Mts0OfPorF4iwOomvfqn1,spotify:track:7Mts0OfPorF4iwOomvfqn1,0.0315,0.362,0.865,3.3e-06,0.103,-4.577,0.0552,176.142,0.32,82,228800
204,I Hate It Here,THE TORTURED POETS DEPARTMENT: THE ANTHOLOGY,2024-04-19,23,3hlGuz3loYoLfI3bpwieWq,spotify:track:3hlGuz3loYoLfI3bpwieWq,0.763,0.378,0.564,0.0,0.359,-7.107,0.0355,104.977,0.267,81,243876
205,thanK you aIMee,THE TORTURED POETS DEPARTMENT: THE ANTHOLOGY,2024-04-19,24,7ogK4lJDVDMU6A6vYR5rvD,spotify:track:7ogK4lJDVDMU6A6vYR5rvD,0.613,0.619,0.533,0.0,0.125,-7.994,0.0337,95.956,0.287,82,263817
206,I Look in People's Windows,THE TORTURED POETS DEPARTMENT: THE ANTHOLOGY,2024-04-19,25,1Zai5UJ2di3qEuR2HeT2s8,spotify:track:1Zai5UJ2di3qEuR2HeT2s8,0.692,0.762,0.268,0.0,0.154,-11.429,0.0648,90.835,0.382,80,131907
207,The Prophecy,THE TORTURED POETS DEPARTMENT: THE ANTHOLOGY,2024-04-19,26,18WFFUIsewmA8g31KAeo3e,spotify:track:18WFFUIsewmA8g31KAeo3e,0.828,0.434,0.52,1.6e-06,0.294,-10.279,0.0486,168.177,0.499,81,249807
208,Cassandra,THE TORTURED POETS DEPARTMENT: THE ANTHOLOGY,2024-04-19,27,0g4fMVo4JjwnIpTfFfLdxS,spotify:track:0g4fMVo4JjwnIpTfFfLdxS,0.82,0.582,0.599,0.0,0.17,-9.811,0.0652,140.015,0.518,80,240206
209,Peter,THE TORTURED POETS DEPARTMENT: THE ANTHOLOGY,2024-04-19,28,3zMDGj4D8ogaYgAIZPeU7S,spotify:track:3zMDGj4D8ogaYgAIZPeU7S,0.767,0.348,0.394,0.0,0.0628,-8.258,0.0412,178.199,0.264,80,283958
210,The Bolter,THE TORTURED POETS DEPARTMENT: THE ANTHOLOGY,2024-04-19,29,2913xXOVAIDAqxzV2g4VcU,spotify:track:2913xXOVAIDAqxzV2g4VcU,0.6,0.447,0.588,0.0,0.134,-7.95,0.0557,183.669,0.569,79,238242
211,Robin,THE TORTURED POETS DEPARTMENT: THE ANTHOLOGY,2024-04-19,30,2CnjDMdpRjlWv04Xk3s6MW,spotify:track:2CnjDMdpRjlWv04Xk3s6MW,0.775,0.462,0.381,0.000516,0.102,-10.548,0.0295,138.194,0.149,78,240893
212,The Manuscript,THE TORTURED POETS DEPARTMENT: THE ANTHOLOGY,2024-04-19,31,1DTRUYVd8rYpla9hhVVwjo,spotify:track:1DTRUYVd8rYpla9hhVVwjo,0.897,0.493,0.259,3.55e-06,0.119,-11.743,0.0275,94.682,0.437,79,224744
