,Award,Year,Recipient,Category,Type
0,Academy of Country Music Awards,2008,Swift,New Female Vocalist of the Year,Artista
1,Academy of Country Music Awards,2009,Fearless,Female Vocalist of the Year,Álbum
2,Academy of Country Music Awards,2009,Swift,Female Vocalist of the Year,Artista
3,Academy of Country Music Awards,2011,"""You Belong with Me""",Song of the Year,Canción
4,Academy of Country Music Awards,2011,"""You Belong with Me""",Entertainer of the Year,Canción
5,Academy of Country Music Awards,2012,Speak Now,Female Vocalist of the Year,Álbum
6,Academy of Country Music Awards,2014,"""Highway Don't Care"" (with Tim McGraw and Keith Urban)",Female Vocalist of the Year,Canción
7,Academy of Country Music Awards,2015,"""Highway Don't Care"" (with Tim McGraw and Keith Urban)",Vocal Event of the Year,Canción
8,ADG Excellence in Production Design Award,2022,"""Lover""","Variety, Reality, or Competition Series",Canción
9,American Country Awards,2013,"""Ours""",Worldwide Artist,Canción
10,American Country Awards,2013,"""Highway Don't Care"" (with Tim McGraw and Keith Urban)",Female Video of the Year,Canción
11,American Country Awards,2013,"""Highway Don't Care"" (with Tim McGraw and Keith Urban)",Collaborative Video of the Year,Canción
12,American Country Awards,2013,"""Highway Don't Care"" (with Tim McGraw and Keith Urban)",Song of the Year (Songwriters Award),Canción
13,AMFT Awards[b],2020,Folklore,Album of the Year,Álbum
14,AMFT Awards[b],2020,Folklore,Best Folk Album,Álbum
15,AMFT Awards[b],2020,"""Cardigan""",Best Folk Album,Canción
16,AMFT Awards[b],2020,"""Exile"" (featuring Bon Iver)",Best Folk Album,Canción
17,American Music Awards,2008,Swift,Favorite Country Female Artist,Artista
18,American Music Awards,2009,Swift,Favorite Country Female Artist,Artista
19,American Music Awards,2009,Swift,Favorite Pop/Rock Female Artist,Artista
20,American Music Awards,2009,Swift,Favorite Country Female Artist,Artista
21,American Music Awards,2009,Swift,Favorite Adult Contemporary Artist,Artista
22,American Music Awards,2009,Fearless,Favorite Adult Contemporary Artist,Álbum
23,American Music Awards,2010,Fearless,Favorite Pop/Rock Album,Álbum
24,American Music Awards,2011,Fearless,Favorite Pop/Rock Album,Álbum
25,American Music Awards,2011,Fearless,Favorite Country Female Artist,Álbum
26,American Music Awards,2011,Speak Now,Favorite Country Female Artist,Álbum
27,American Music Awards,2012,Speak Now,Favorite Country Female Artist,Álbum
28,American Music Awards,2013,Speak Now,Favorite Country Female Artist,Álbum
29,American Music Awards,2013,Speak Now,Favorite Pop/Rock Female Artist,Álbum
30,American Music Awards,2013,Speak Now,Favorite Country Female Artist,Álbum
31,American Music Awards,2013,Red,Favorite Country Female Artist,Álbum
32,American Music Awards,2014,Red,Favorite Pop/Rock Album,Álbum
33,American Music Awards,2015,Red,Favorite Adult Contemporary Artist,Álbum
34,American Music Awards,2015,1989,Favorite Adult Contemporary Artist,Álbum
35,American Music Awards,2015,"""Blank Space""",Favorite Adult Contemporary Artist,Canción
36,American Music Awards,2018,"""Bad Blood"" (featuring Kendrick Lamar)",Favorite Adult Contemporary Artist,Canción
37,American Music Awards,2018,"""Bad Blood"" (featuring Kendrick Lamar)",Favorite Pop/Rock Female Artist,Canción
38,American Music Awards,2018,Reputation,Favorite Pop/Rock Female Artist,Álbum
39,American Music Awards,2018,Reputation,Reputation Stadium Tour,Álbum
40,American Music Awards,2019,Reputation,Reputation Stadium Tour,Álbum
41,American Music Awards,2019,Reputation,Artist of the Year,Álbum
42,American Music Awards,2019,Reputation,Favorite Pop/Rock Female Artist,Álbum
43,American Music Awards,2019,Reputation,Favorite Adult Contemporary Artist,Álbum
44,American Music Awards,2019,"""You Need to Calm Down""",Favorite Adult Contemporary Artist,Canción
45,American Music Awards,2019,Lover,Favorite Adult Contemporary Artist,Álbum
46,American Music Awards,2020,Lover,Favorite Adult Contemporary Artist,Álbum
47,American Music Awards,2020,Lover,Favorite Pop/Rock Female Artist,Álbum
48,American Music Awards,2020,"""Cardigan""",Favorite Pop/Rock Female Artist,Canción
49,American Music Awards,2021,Folklore,Favorite Pop/Rock Female Artist,Álbum
50,American Music Awards,2021,Evermore,Favorite Pop/Rock Female Artist,Álbum
51,American Music Awards,2022,Evermore,Favorite Pop/Rock Female Artist,Álbum
52,American Music Awards,2022,Evermore,Favorite Country Female Artist,Álbum
53,American Music Awards,2022,Evermore,Favorite Pop/Rock Female Artist,Álbum
54,American Music Awards,2022,Evermore,All Too Well: The Short Film,Álbum
55,American Music Awards,2022,Evermore,Red (Taylor's Version),Álbum
56,American Music Awards,2022,Evermore,Favorite Pop Album,Álbum
57,Anthem Awards,2024,Vote.org + Taylor Swift on National Voter Registration Day,Human & Civil Rights – Awareness & Media Categories (Non Profit),Álbum
58,Apple Music Awards,2020,Swift,Songwriter of the Year,Artista
59,Apple Music Awards,2023,Swift,Songwriter of the Year,Artista
60,ARIA Music Awards,2019,Swift,Most Popular International Artist,Artista
61,ARIA Music Awards,2021,Swift,Most Popular International Artist,Artista
62,ARIA Music Awards,2023,Swift,Most Popular International Artist,Artista
63,Attitude Awards,2020,Swift,Attitude Icon Award,Artista
64,A2IM Libera Awards,2018,Swift,Road Warrior of the Year,Artista
65,BBC Music Awards,2015,Swift,International Artist of the Year,Artista
66,BBC Radio 1 Teen Awards,2016,Swift,Most Entertaining Celebrity,Artista
67,Billboard Music Awards,2011,Swift,Top Billboard 200 Artist,Artista
68,Billboard Music Awards,2011,Swift,Top Country Artist,Artista
69,Billboard Music Awards,2011,Speak Now,Top Country Album,Álbum
70,Billboard Music Awards,2012,"""Mine""",Woman of the Year,Canción
71,Billboard Music Awards,2013,"""Mine""",Woman of the Year,Canción
72,Billboard Music Awards,2013,"""Mine""",Top Female Artist,Canción
73,Billboard Music Awards,2013,"""Mine""",Top Billboard 200 Artist,Canción
74,Billboard Music Awards,2013,"""Mine""",Top Country Artist,Canción
75,Billboard Music Awards,2013,"""Mine""",Top Digital Songs Artist,Canción
76,Billboard Music Awards,2013,Red,Top Digital Songs Artist,Álbum
77,Billboard Music Awards,2013,Red,Top Country Album,Álbum
78,Billboard Music Awards,2013,"""We Are Never Ever Getting Back Together""",Top Country Song,Canción
79,Billboard Music Awards,2015,"""We Are Never Ever Getting Back Together""",Top Country Artist,Canción
80,Billboard Music Awards,2015,"""We Are Never Ever Getting Back Together""",Top Female Artist,Canción
81,Billboard Music Awards,2015,"""We Are Never Ever Getting Back Together""",Top Billboard 200 Artist,Canción
82,Billboard Music Awards,2015,"""We Are Never Ever Getting Back Together""",Top Hot 100 Artist,Canción
83,Billboard Music Awards,2015,"""We Are Never Ever Getting Back Together""",Top Digital Songs Artist,Canción
84,Billboard Music Awards,2015,"""We Are Never Ever Getting Back Together""",Billboard Chart Achievement Award (Fan Voted),Canción
85,Billboard Music Awards,2015,1989,Billboard Chart Achievement Award (Fan Voted),Álbum
86,Billboard Music Awards,2015,"""Shake It Off""",Top Streaming Song (Video),Canción
87,Billboard Music Awards,2016,"""Blank Space""",Top Touring Artist,Canción
88,Billboard Music Awards,2018,1989,Top Female Artist,Álbum
89,Billboard Music Awards,2018,Reputation,Top Selling Album,Álbum
90,Billboard Music Awards,2021,Swift,Billboard Chart Achievement Award,Artista
91,Billboard Music Awards,2021,Swift,Top Female Artist,Artista
92,Billboard Music Awards,2022,Swift,Top Billboard 200 Artist,Artista
93,Billboard Music Awards,2022,Swift,Top Country Artist,Artista
94,Billboard Music Awards,2022,Swift,Top Country Female Artist,Artista
95,Billboard Music Awards,2022,Swift,Red (Taylor's Version),Artista
96,Billboard Music Awards,2023,Swift,Red (Taylor's Version),Artista
97,Billboard Music Awards,2023,Swift,Top Female Artist,Artista
98,Billboard Music Awards,2023,Swift,Top Billboard 200 Artist,Artista
99,Billboard Music Awards,2023,Swift,Top Country Female Artist,Artista
100,Billboard Music Awards,2023,Swift,Top Radio Songs Artist,Artista
101,Billboard Music Awards,2023,Swift,Top Songs Sales Artist,Artista
102,Billboard Music Awards,2023,Swift,Top Hot 100 Songwriter,Artista
103,Billboard Music Awards,2023,Swift,Top Global 200 Artist,Artista
104,Billboard Music Awards,2023,Swift,Top Global 200 (Excl. US) Artist,Artista
105,Billboard Music Awards,2023,"""Anti-Hero""",Top Selling Song,Canción
106,Billboard Live Music (Touring) Awards,2010,Fearless Tour,Top Package,Álbum
107,Billboard Live Music (Touring) Awards,2011,Swift,Top Package,Artista
108,Billboard Live Music (Touring) Awards,2013,Swift,Eventful Fans' Choice Award,Artista
109,Billboard Live Music (Touring) Awards,2018,Swift,Top U.S. Tour,Artista
110,Billboard Women in Music,2011,Swift,Woman of the Year,Artista
111,Billboard Women in Music,2014,Swift,Woman of the Year,Artista
112,Billboard Women in Music,2019,Swift,Woman of the Year,Artista
113,Billboard Year-End Awards,2019,Swift,Billboard Year-End Awards,Artista
114,BMI Country Awards,2007,"""Tim McGraw""",Award-Winning Songs,Canción
115,BMI Country Awards,2008,"""Tim McGraw""",Award-Winning Songs,Canción
116,BMI Country Awards,2008,"""Teardrops On My Guitar""",Award-Winning Songs,Canción
117,BMI Country Awards,2008,"""Teardrops On My Guitar""",Song of the Year,Canción
118,BMI Country Awards,2009,"""Teardrops On My Guitar""",Song of the Year,Canción
119,BMI Country Awards,2009,"""Teardrops On My Guitar""",Award-Winning Songs,Canción
120,BMI Country Awards,2009,"""Picture to Burn""",Award-Winning Songs,Canción
121,BMI Country Awards,2009,"""Should've Said No""",Award-Winning Songs,Canción
122,BMI Country Awards,2010,"""Should've Said No""",Award-Winning Songs,Canción
123,BMI Country Awards,2010,"""You Belong with Me""",Award-Winning Songs,Canción
124,BMI Country Awards,2010,"""Fifteen""",Award-Winning Songs,Canción
125,BMI Country Awards,2010,"""Best Days of Your Life"" (with Kellie Pickler)",Award-Winning Songs,Canción
126,BMI Country Awards,2010,"""White Horse""",Award-Winning Songs,Canción
127,BMI Country Awards,2010,"""You Belong with Me""",Award-Winning Songs,Canción
128,BMI Country Awards,2011,"""You Belong with Me""",Award-Winning Songs,Canción
129,BMI Country Awards,2011,"""Fearless""",Award-Winning Songs,Canción
130,BMI Country Awards,2011,"""Mine""",Award-Winning Songs,Canción
131,BMI Country Awards,2012,"""Mine""",Award-Winning Songs,Canción
132,BMI Country Awards,2012,"""Sparks Fly""",Award-Winning Songs,Canción
133,BMI Country Awards,2013,"""Sparks Fly""",Award-Winning Songs,Canción
134,BMI Country Awards,2013,"""Ours""",Award-Winning Songs,Canción
135,BMI Country Awards,2014,"""Ours""",Award-Winning Songs,Canción
136,BMI Country Awards,2014,"""Red""",Award-Winning Songs,Canción
137,BMI Country Awards,2017,"""Red""",Award-Winning Songs,Canción
138,BMI Country Awards,2019,"""Red""",Award-Winning Songs,Canción
139,BMI London Awards,2014,"""Everything Has Changed"" (featuring Ed Sheeran)",Award-Winning Song,Canción
140,BMI London Awards,2018,"""Everything Has Changed"" (featuring Ed Sheeran)",Award-Winning Song,Canción
141,BMI London Awards,2019,"""Everything Has Changed"" (featuring Ed Sheeran)",Award-Winning Song,Canción
142,BMI London Awards,2021,"""Everything Has Changed"" (featuring Ed Sheeran)",Award-Winning Song,Canción
143,BMI London Awards,2022,"""Everything Has Changed"" (featuring Ed Sheeran)",Award-Winning Song,Canción
144,BMI Pop Awards,2009,Swift,BMI President's Award,Artista
145,BMI Pop Awards,2009,"""Teardrops On My Guitar""",BMI President's Award,Canción
146,BMI Pop Awards,2010,"""Teardrops On My Guitar""",BMI President's Award,Canción
147,BMI Pop Awards,2010,"""Teardrops On My Guitar""",Award-Winning Songs,Canción
148,BMI Pop Awards,2010,"""You Belong with Me""",Award-Winning Songs,Canción
149,BMI Pop Awards,2011,"""You Belong with Me""",Award-Winning Songs,Canción
150,BMI Pop Awards,2011,"""You Belong with Me""",Award-Winning Songs,Canción
151,BMI Pop Awards,2012,"""You Belong with Me""",Award-Winning Songs,Canción
152,BMI Pop Awards,2013,"""You Belong with Me""",Award-Winning Songs,Canción
153,BMI Pop Awards,2014,"""You Belong with Me""",Award-Winning Songs,Canción
154,BMI Pop Awards,2015,"""You Belong with Me""",Award-Winning Songs,Canción
155,BMI Pop Awards,2015,"""22""",Award-Winning Songs,Canción
156,BMI Pop Awards,2015,"""Everything Has Changed"" (featuring Ed Sheeran)",Award-Winning Songs,Canción
157,BMI Pop Awards,2015,"""Shake It Off""",Award-Winning Songs,Canción
158,BMI Pop Awards,2016,"""Shake It Off""",Award-Winning Songs,Canción
159,BMI Pop Awards,2016,"""Shake It Off""",Songwriter of the Year,Canción
160,BMI Pop Awards,2016,"""Bad Blood"" (featuring Kendrick Lamar)",Songwriter of the Year,Canción
161,BMI Pop Awards,2016,"""Blank Space""",Songwriter of the Year,Canción
162,BMI Pop Awards,2016,"""Style""",Songwriter of the Year,Canción
163,BMI Pop Awards,2016,"""Wildest Dreams""",Songwriter of the Year,Canción
164,BMI Pop Awards,2017,"""Wildest Dreams""",Songwriter of the Year,Canción
165,BMI Pop Awards,2018,"""Wildest Dreams""",Songwriter of the Year,Canción
166,BMI Pop Awards,2019,"""Wildest Dreams""",Songwriter of the Year,Canción
167,BMI Pop Awards,2019,"""...Ready for It?""",Songwriter of the Year,Canción
168,BMI Pop Awards,2019,"""End Game"" (featuring Ed Sheeran and Future)",Songwriter of the Year,Canción
169,BMI Pop Awards,2019,"""Delicate""",Songwriter of the Year,Canción
170,BMI Pop Awards,2019,Swift,Songwriter of the Year,Artista
171,BMI Pop Awards,2020,Swift,Songwriter of the Year,Artista
172,BMI Pop Awards,2020,"""You Need to Calm Down""",Songwriter of the Year,Canción
173,BMI Pop Awards,2021,"""You Need to Calm Down""",Songwriter of the Year,Canción
174,BMI Pop Awards,2021,"""The Man""",Songwriter of the Year,Canción
175,BMI Pop Awards,2022,"""The Man""",Songwriter of the Year,Canción
176,BMI Pop Awards,2022,"""Willow""",Songwriter of the Year,Canción
177,BMI Pop Awards,2022,"""Deja Vu""",Songwriter of the Year,Canción
178,Bravo Otto,2012,Swift,Super Singer Female (Bronze),Artista
179,Bravo Otto,2013,Swift,Super Singer Female (Bronze),Artista
180,Brit Awards,2015,Swift,International Breakthrough Artist,Artista
181,Brit Awards,2021,"""I Don't Wanna Live Forever"" (with Zayn)",Global Icon Award,Canción
182,BuzzAngle Music Awards,2017,Reputation,Physical Album Sales,Álbum
183,BuzzAngle Music Awards,2017,Reputation,Digital Album Sales,Álbum
184,BuzzAngle Music Awards,2017,Reputation,Indie Album,Álbum
185,BuzzAngle Music Awards,2017,Swift,Indie Album,Artista
186,BuzzAngle Music Awards,2017,Swift,Indie Artist,Artista
187,BuzzAngle Music Awards,2019,Swift,Indie Artist,Artista
188,BuzzAngle Music Awards,2019,Swift,Digital Album Sales,Artista
189,Canadian Country Music Association,2009,Fearless,Top Selling Album,Álbum
190,Canadian Country Music Association,2010,Fearless,Top Selling Album,Álbum
191,Canadian Country Music Association,2011,Fearless,Top Selling Album,Álbum
192,Canadian Country Music Association,2012,Fearless,Top Selling Album,Álbum
193,Canadian Country Music Association,2013,Fearless,Top Selling Album,Álbum
194,Capricho Awards,2013,Fearless,Capricho Awards,Álbum
195,Capricho Awards,2013,Swift,Capricho Awards,Artista
196,Capricho Awards,2013,"""We Are Never Ever Getting Back Together""",Capricho Awards,Canción
197,Capricho Awards,2015,"""Bad Blood"" (featuring Kendrick Lamar)",Swift & Calvin Harris,Canción
198,Capricho Awards,2022,"""Look What You Made Me Do""",Fandom of 2020,Canción
199,Capricho Awards,2022,"""Anti-Hero""",Fandom of 2020,Canción
200,CD Shop Awards,2020,Lover,Music Jacket Creative Awards,Álbum
201,Channel V Thailand Music Video Awards,2009,Swift,Popular New Artist,Artista
202,Clio Awards,2016,"""Taylor vs. Treadmill"" for Apple",Bronze Award for Best Commercials,Canción
203,Clio Awards,2016,"""Taylor vs. Treadmill"" for Apple",Silver Award for Best Commercials (between 30 and 60 seconds long),Canción
204,Country Music Association Awards,2007,Swift,Horizon Award,Artista
205,Country Music Association Awards,2009,Swift,Horizon Award,Artista
206,Country Music Association Awards,2009,Swift,Female Vocalist of the Year,Artista
207,Country Music Association Awards,2009,Swift,International Artist Achievement Award,Artista
208,Country Music Association Awards,2009,Fearless,International Artist Achievement Award,Álbum
209,Country Music Association Awards,2009,"""Love Story""",International Artist Achievement Award,Canción
210,Country Music Association Awards,2011,"""Love Story""",International Artist Achievement Award,Canción
211,Country Music Association Awards,2013,"""Safe & Sound"" (featuring the Civil Wars)",Female Vocalist of the Year,Canción
212,Country Music Association Awards,2013,"""Safe & Sound"" (featuring the Civil Wars)",International Artist Achievement Award,Canción
213,Country Music Association Awards,2013,"""Highway Don't Care"" (with Tim McGraw and Keith Urban)",Musical Event of the Year,Canción
214,Country Music Association Awards,2013,"""Highway Don't Care"" (with Tim McGraw and Keith Urban)",Music Video of the Year,Canción
215,Country Music Association Awards,2017,"""Highway Don't Care"" (with Tim McGraw and Keith Urban)",Music Video of the Year,Canción
216,Country Music Awards of Australia,2014,Red,Top Selling International Album of the Year,Álbum
217,CMC Music Awards,2011,Swift,International Artist of the Year,Artista
218,CMC Music Awards,2014,Swift,International Artist of the Year,Artista
219,CMC Music Awards,2014,"""Highway Don't Care"" (with Tim McGraw)",International Artist of the Year,Canción
220,CMT Artists of the Year,2010,Swift,Artists of the Year,Artista
221,CMT Artists of the Year,2011,Swift,Artists of the Year,Artista
222,CMT Music Awards,2007,"""Tim McGraw""",Breakthrough Video of the Year,Canción
223,CMT Music Awards,2008,"""Tim McGraw""",Breakthrough Video of the Year,Canción
224,CMT Music Awards,2008,"""Tim McGraw""",Video of the Year,Canción
225,CMT Music Awards,2009,"""Tim McGraw""",Video of the Year,Canción
226,CMT Music Awards,2009,"""Tim McGraw""",Female Video of the Year,Canción
227,CMT Music Awards,2011,"""Best Days of Your Life"" (with Kellie Pickler)",Female Video of the Year,Canción
228,CMT Music Awards,2021,"""Red""",Female Video of the Year,Canción
229,CMT Music Awards,2022,"""Love Story (Taylor's Version)""",Female Video of the Year,Canción
230,Critics' Choice Documentary Awards,2020,Miss Americana,Most Compelling Living Subjects of a Documentary,Álbum
231,Dance Magazine Awards,2020,"""Me!"" (featuring Brendon Urie)",Best Music Video,Canción
232,Danish Music Awards,2020,1989,International Album of the Year,Álbum
233,Danish Music Awards,2023,1989,International Album of the Year,Álbum
234,Do Something Awards,2011,Taylor Swift's Speak Now Tour to Benefit Tornado Victims,Do Something Concert,Álbum
235,Elle Style Awards,2015,Swift,Woman of the Year,Artista
236,FiFi Awards,2013,Wonderstruck,Fragrance of the Year: Women's Luxe,Álbum
237,FiFi Awards,2015,Wonderstruck,Fragrance of the Year: Women's Luxe,Álbum
238,GLAAD Media Awards,2020,Swift,Vanguard Award,Artista
239,Glamour Awards,2014,Swift,International Solo Artist,Artista
240,Gold Derby Music Awards,2021,Swift,Artist of the Year,Artista
241,Gold Derby Music Awards,2021,Swift,Best Pop Artist,Artista
242,Gold Derby Music Awards,2021,Folklore,Best Pop Artist,Álbum
243,Gold Derby Music Awards,2021,"""Cardigan""",Best Pop Artist,Canción
244,Gold Derby Music Awards,2021,"""Cardigan""",Song of the Year,Canción
245,Gold Derby Music Awards,2022,"""Cardigan""",Best Music Video,Canción
246,Gold Derby Music Awards,2022,"""Cardigan""",Best Pop Artist,Canción
247,Gold Derby Music Awards,2022,Evermore,Best Pop Album,Álbum
248,Gold Derby Music Awards,2022,"""Willow""",Best Pop Album,Canción
249,Gold Derby Music Awards,2022,"""Willow""",Song of the Year,Canción
250,Gold Derby Music Awards,2022,"""Willow""",Best Music Video,Canción
251,Gold Derby Music Awards,2023,"""Willow""",Best Music Video,Canción
252,Gold Derby Music Awards,2023,Swift,Best Music Video,Artista
253,Gold Derby Music Awards,2023,Swift,Best Country/Americana Artist,Artista
254,Gold Derby Music Awards,2023,Swift,Best Country/Americana Album,Artista
255,Gold Derby Music Awards,2023,"""All Too Well (10 Minute Version)""",Best Country/Americana Album,Canción
256,Gold Derby Music Awards,2023,"""All Too Well (10 Minute Version)""",Song of the Year,Canción
257,Gold Derby Music Awards,2023,"""All Too Well (10 Minute Version)""",Best Pop Song,Canción
258,Gold Derby Music Awards,2023,"""I Bet You Think About Me""",Best Pop Song,Canción
259,Gold Derby Music Awards,2024,"""I Bet You Think About Me""",Best Collaboration,Canción
260,Gold Derby Music Awards,2024,"""I Bet You Think About Me""",Best Pop Artist,Canción
261,Gold Derby Music Awards,2024,Midnights,Best Pop Artist,Álbum
262,Gold Derby Music Awards,2024,Midnights,Best Pop Album,Álbum
263,Gold Derby Music Awards,2024,Midnights,Speak Now (Taylor's Version),Álbum
264,Gold Derby Music Awards,2024,"""Anti-Hero""",Speak Now (Taylor's Version),Canción
265,Gold Derby Music Awards,2024,"""Anti-Hero""",Record of the Year,Canción
266,Gold Derby Music Awards,2024,"""Anti-Hero""",Best Pop Song,Canción
267,Gold Derby Music Awards,2024,"""Anti-Hero""",Best Music Video,Canción
268,Golden Boot Awards,2019,"""Babe"" (with Sugarland)",Collaboration of the Year,Canción
269,Gracie Awards,2021,Folklore: The Long Pond Studio Sessions,Grand Award for Special or Variety,Álbum
270,Grammy Awards,2010,Swift,Best New Artist,Artista
271,Grammy Awards,2010,Swift,Best Country Album,Artista
272,Grammy Awards,2010,"""White Horse""",Best Female Pop Vocal Performance,Canción
273,Grammy Awards,2010,"""White Horse""",Best Country Song,Canción
274,Grammy Awards,2012,"""Mean""",Best Country Song,Canción
275,Grammy Awards,2012,"""Mean""",Best Country Song,Canción
276,Grammy Awards,2013,"""Safe & Sound"" (featuring the Civil Wars)",Best Song Written for Visual Media,Canción
277,Grammy Awards,2016,"""Highway Don't Care"" (with Tim McGraw and Keith Urban)",Best Pop Solo Performance,Canción
278,Grammy Awards,2016,"""Highway Don't Care"" (with Tim McGraw and Keith Urban)",Best Pop Vocal Album,Canción
279,Grammy Awards,2016,"""Bad Blood"" (featuring Kendrick Lamar)",Best Music Video,Canción
280,Grammy Awards,2021,Folklore,Album of the Year,Álbum
281,Grammy Awards,2023,"""Carolina""",All Too Well: The Short Film,Canción
282,Grammy Awards,2024,Midnights,Best Pop Solo Performance,Álbum
283,Grammy Awards,2024,Midnights,Best Pop Vocal Album,Álbum
284,Grand Remi Awards (WorldFest-Houston International Film Festival),2015,Shake It Off,Best Music Video,Álbum
285,Hit FM Music Awards,2023,Swift,Female Artist of the Year,Artista
286,Hit FM Music Awards,2023,"""The Joker and the Queen"" (with Ed Sheeran)",Female Artist of the Year,Canción
287,Hit FM Music Awards,2023,"""Anti-Hero""",Female Artist of the Year,Canción
288,Hit FM Music Awards,2023,"""Snow on the Beach"" (with Lana Del Rey)",Female Artist of the Year,Canción
289,Hito Music Awards,2013,"""We Are Never Ever Getting Back Together""",Best Western Song,Canción
290,Hito Music Awards,2016,"""We Are Never Ever Getting Back Together""",Best Western Song,Canción
291,Hito Music Awards,2018,"""We Are Never Ever Getting Back Together""",Best Western Song,Canción
292,Hito Music Awards,2020,"""We Are Never Ever Getting Back Together""",Best Western Song,Canción
293,Hollywood Critics Association Film Awards,2023,All Too Well: The Short Film,Best Short Film,Álbum
294,IFPI Awards,2015,Swift,Global Recording Artist of 2014,Artista
295,IFPI Awards,2020,Swift,Global Recording Artist of 2014,Artista
296,IFPI Awards,2023,Swift,Global Recording Artist of 2014,Artista
297,IFPI Awards,2023,Midnights,Global Recording Artist of 2014,Álbum
298,IFPI Awards,2024,Midnights,Global Recording Artist of 2014,Álbum
299,IFPI Awards,2024,Midnights,1989 (Taylor's Version),Álbum
300,iHeartRadio Music Awards,2015,"""Highway Don't Care"" (with Tim McGraw and Keith Urban)",Best Fan Army,Canción
301,iHeartRadio Music Awards,2015,"""Shake It Off""",Best Fan Army,Canción
302,iHeartRadio Music Awards,2015,"""Blank Space""",Best Fan Army,Canción
303,iHeartRadio Music Awards,2016,"""Blank Space""",Best Fan Army,Canción
304,iHeartRadio Music Awards,2016,"""Blank Space""",The 1989 World Tour,Canción
305,iHeartRadio Music Awards,2016,Swift,Most Meme-able Moment,Artista
306,iHeartRadio Music Awards,2016,1989,Most Meme-able Moment,Álbum
307,iHeartRadio Music Awards,2018,1989,Most Meme-able Moment,Álbum
308,iHeartRadio Music Awards,2019,"""Look What You Made Me Do""",Olivia Benson,Canción
309,iHeartRadio Music Awards,2019,"""Delicate""",Olivia Benson,Canción
310,iHeartRadio Music Awards,2020,"""Delicate""",Olivia Benson,Canción
311,iHeartRadio Music Awards,2021,"""Can't Stop Loving You""",Best Fan Army,Canción
312,iHeartRadio Music Awards,2022,"""Cardigan""",Best Fan Army,Canción
313,iHeartRadio Music Awards,2023,Swift,Female Artist of the Year,Artista
314,iHeartRadio Music Awards,2023,Midnights,Best Fan Army,Álbum
315,iHeartRadio Music Awards,2023,"""Anti-Hero""",Best Fan Army,Canción
316,iHeartRadio Music Awards,2023,"""Anti-Hero""",Best Lyrics,Canción
317,iHeartRadio Music Awards,2023,"""Bejeweled""",Best Music Video,Canción
318,iHeartRadio Music Awards,2023,"""Question...?""",Best Music Video,Canción
319,iHeartRadio Music Awards,2024,"""Question...?""",TikTok Bop of the Year,Canción
320,iHeartRadio Music Awards,2024,Swift,TikTok Bop of the Year,Artista
321,iHeartRadio Music Awards,2024,Swift,Pop Artist of the Year,Artista
322,iHeartRadio Music Awards,2024,Swift,Favorite Tour Style,Artista
323,iHeartRadio Music Awards,2024,"""Is It Over Now?""",Favorite Tour Style,Canción
324,iHeartRadio Music Awards,2024,"""Is It Over Now?""",The Eras Tour,Canción
325,iHeartRadio Titanium Award,2018,"""I Don't Wanna Live Forever"" (with Zayn)",Winning Songs,Canción
326,iHeartRadio Titanium Award,2019,"""I Don't Wanna Live Forever"" (with Zayn)",Winning Songs,Canción
327,Japan Gold Disc Awards,2015,1989,Album of the Year (Western),Álbum
328,Japan Gold Disc Awards,2015,1989,Best 3 Albums (Western),Álbum
329,Japan Gold Disc Awards,2018,1989,Best 3 Albums (Western),Álbum
330,Japan Gold Disc Awards,2019,1989,Best 3 Albums (Western),Álbum
331,Japan Gold Disc Awards,2019,1989,Album of the Year (Western),Álbum
332,Japan Gold Disc Awards,2021,1989,Album of the Year (Western),Álbum
333,Japan Gold Disc Awards,2023,1989,Album of the Year (Western),Álbum
334,Joox Indonesia Music Awards,2021,Swift,International Artist of the Year,Artista
335,Los 40 Music Awards,2012,Swift,Best International Artist,Artista
336,Los 40 Music Awards,2023,1989,Best International Artist,Álbum
337,MTV Europe Music Awards,2012,Swift,Best New Act,Artista
338,MTV Europe Music Awards,2012,Swift,Speak Now World Tour,Artista
339,MTV Europe Music Awards,2012,Swift,Speak Now World Tour,Artista
340,MTV Europe Music Awards,2015,Swift,Best Look,Artista
341,MTV Europe Music Awards,2015,Swift,Best US Act,Artista
342,MTV Europe Music Awards,2019,Swift,Best US Act,Artista
343,MTV Europe Music Awards,2019,"""Me!"" (featuring Brendon Urie)",Biggest Fans,Canción
344,MTV Europe Music Awards,2021,Swift,Biggest Fans,Artista
345,MTV Europe Music Awards,2022,"""Willow""",Biggest Fans,Canción
346,MTV Europe Music Awards,2022,"""Willow""",Best Longform Video,Canción
347,MTV Europe Music Awards,2022,Swift,Best Longform Video,Artista
348,MTV Europe Music Awards,2022,Swift,Best Pop,Artista
349,MTV Europe Music Awards,2023,Swift,Best Video,Artista
350,MTV Europe Music Awards,2023,Swift,Best Video,Artista
351,MTV Europe Music Awards,2023,Swift,Best Live,Artista
352,MTV Video Music Awards,2009,"""Teardrops on My Guitar""",Best New Artist,Canción
353,MTV Video Music Awards,2013,"""Teardrops on My Guitar""",Best Female Video,Canción
354,MTV Video Music Awards,2015,"""Teardrops on My Guitar""",Best Female Video,Canción
355,MTV Video Music Awards,2015,"""Teardrops on My Guitar""",Best Pop Video,Canción
356,MTV Video Music Awards,2015,"""Bad Blood"" (featuring Kendrick Lamar)",Best Pop Video,Canción
357,MTV Video Music Awards,2015,"""Bad Blood"" (featuring Kendrick Lamar)",Best Collaboration,Canción
358,MTV Video Music Awards,2017,"""Bad Blood"" (featuring Kendrick Lamar)",Song of Summer,Canción
359,MTV Video Music Awards,2019,"""Bad Blood"" (featuring Kendrick Lamar)",Best Visual Effects,Canción
360,MTV Video Music Awards,2019,"""Bad Blood"" (featuring Kendrick Lamar)",Video for Good,Canción
361,MTV Video Music Awards,2019,"""Me!"" (featuring Brendon Urie)",Best Visual Effects,Canción
362,MTV Video Music Awards,2020,"""Me!"" (featuring Brendon Urie)",Best Direction,Canción
363,MTV Video Music Awards,2022,"""Willow""",Best Direction,Canción
364,MTV Video Music Awards,2022,"""Willow""",Best Long Form Video,Canción
365,MTV Video Music Awards,2022,"""Willow""",Video of the Year,Canción
366,MTV Video Music Awards,2023,"""Willow""",Video of the Year,Canción
367,MTV Video Music Awards,2023,"""Willow""",Song of the Year,Canción
368,MTV Video Music Awards,2023,"""Willow""",Best Pop,Canción
369,MTV Video Music Awards,2023,"""Willow""",Best Direction,Canción
370,MTV Video Music Awards,2023,"""Willow""",Best Cinematography,Canción
371,MTV Video Music Awards,2023,"""Willow""",Best Visual Effects,Canción
372,MTV Video Music Awards,2023,Swift,Best Visual Effects,Artista
373,MTV Video Music Awards,2023,Swift,Show of the Summer,Artista
374,MTV Video Music Awards,2023,Midnights,Show of the Summer,Álbum
375,MTV Movie & TV Awards,2023,Valentine's Day,Best Kiss (with Taylor Lautner),Álbum
376,MTV Video Music Awards Japan,2019,"""Mine""",Best Karaoke Video,Canción
377,MTV Millennial Awards,2013,"""We Are Never Ever Getting Back Together""",Catchiest Hit of the Year,Canción
378,MTV Millennial Awards,2017,"""Blank Space""",Catchiest Hit of the Year,Canción
379,MTV Millennial Awards Brazil,2018,"""Look What You Make Me Do""",Swift and Katy Perry,Canción
380,MTVU Woodie Awards,2015,"""Riptide"" (Vance Joy)",Best Cover Woodie,Canción
381,Much Music Video Awards,2013,Swift,Your Fave International Video,Artista
382,Music Business Association Awards,2010,Swift,Artist of the Year,Artista
383,MusicDaily Awards,2021,Swift,Best Artist,Artista
384,Myx Music Awards,2010,"""Love Story""",Favorite International Video,Canción
385,Myx Music Awards,2015,"""Love Story""",Favorite International Video,Canción
386,Myx Music Awards,2016,"""Love Story""",Favorite International Video,Canción
387,Nashville Songwriter Awards,2007,Swift[c],Songwriter-Artist of the Year,Álbum
388,Nashville Songwriter Awards,2009,Swift[c],Songwriter-Artist of the Year,Álbum
389,Nashville Songwriter Awards,2010,Swift[c],Songwriter-Artist of the Year,Álbum
390,Nashville Songwriter Awards,2011,Swift[c],Songwriter-Artist of the Year,Álbum
391,Nashville Songwriter Awards,2012,Swift[c],Songwriter-Artist of the Year,Álbum
392,Nashville Songwriter Awards,2013,Swift[c],Songwriter-Artist of the Year,Álbum
393,Nashville Songwriter Awards,2015,Swift[c],Songwriter-Artist of the Year,Álbum
394,Nashville Songwriter Awards,2015,"""Shake It Off""",Songwriter-Artist of the Year,Canción
395,Nashville Songwriter Awards,2017,"""Shake It Off""",Songwriter-Artist of the Year,Canción
396,Nashville Songwriter Awards,2020,"""Shake It Off""",Songwriter-Artist of the Year,Canción
397,Nashville Songwriter Awards,2021,"""Shake It Off""",Songwriter-Artist of the Year,Canción
398,Nashville Songwriter Awards,2021,"""Willow""",Songwriter-Artist of the Year,Canción
399,Nashville Songwriter Awards,2022,"""Willow""",Songwriter-Artist of the Year,Canción
400,Nashville Songwriter Awards,2023,"""Willow""",Songwriter-Artist of the Year,Canción
401,Nashville Symphony Ball,2011,Swift,Harmony Award,Artista
402,National Music Publishers' Association,2011,Swift,National Music Publishers' Association,Artista
403,NetEase Annual Music Awards,2020,Swift,Top Western Act,Artista
404,NetEase Annual Music Awards,2020,Folklore,Top Western Act,Álbum
405,NetEase Annual Music Awards,2020,Folklore,Top Folk Music Album,Álbum
406,NetEase Annual Music Awards,2022,Folklore,Top Folk Music Album,Álbum
407,NetEase Annual Music Awards,2023,Folklore,Top Folk Music Album,Álbum
408,Nickelodeon Kids' Choice Awards,2010,Swift,Favorite Female Singer,Artista
409,Nickelodeon Kids' Choice Awards,2010,"""You Belong with Me""",Favorite Female Singer,Canción
410,Nickelodeon Kids' Choice Awards,2012,Swift,Favorite Female Singer,Artista
411,Nickelodeon Kids' Choice Awards,2019,"""Look What You Made Me Do""",Favorite Global Music Star,Canción
412,Nickelodeon Kids' Choice Awards,2020,Swift,Favorite Global Music Star,Artista
413,Nickelodeon Kids' Choice Awards,2023,"""All Too Well (10 Minute Version)""",Red (Taylor's Version),Canción
414,Nickelodeon Kids' Choice Awards,2023,Swift,Red (Taylor's Version),Artista
415,Nickelodeon Kids' Choice Awards,2023,Swift,Olivia Benson,Artista
416,Nickelodeon Mexico Kids' Choice Awards,2023,Swift,Favorite International Artist or Group,Artista
417,NME Awards,2016,Swift,Best International Solo Artist,Artista
418,NME Awards,2020,"""Look What You Made Me Do""",Best International Solo Artist,Canción
419,NME Awards,2022,"""Look What You Made Me Do""",Best International Solo Artist,Canción
420,Northwest Tennessee Disaster Services,2012,Swift,Honorary Star of Compassion,Artista
421,NRJ Music Awards,2015,Swift,International Female Artist of the Year,Artista
422,NRJ Music Awards,2015,"""Bad Blood"" (featuring Kendrick Lamar)",International Female Artist of the Year,Canción
423,O Music Awards,2012,Swift,Most Extreme Fan Outreach,Artista
424,OFM Music Awards,2015,1989,Album of the Year,Álbum
425,People's Choice Awards,2010,Swift,Favorite Country Song,Artista
426,People's Choice Awards,2011,Swift,Favorite Country Artist,Artista
427,People's Choice Awards,2012,Swift,Favorite Country Artist,Artista
428,People's Choice Awards,2013,Swift,Favorite Country Artist,Artista
429,People's Choice Awards,2014,Swift,Favorite Country Artist,Artista
430,People's Choice Awards,2015,Swift,Favorite Country Artist,Artista
431,People's Choice Awards,2015,Swift,Favorite Country Artist,Artista
432,People's Choice Awards,2015,Swift,Favorite Pop Artist,Artista
433,People's Choice Awards,2016,Swift,Favorite Pop Artist,Artista
434,People's Choice Awards,2016,Swift,Favorite Pop Artist,Artista
435,People's Choice Awards,2018,Swift,Favorite Social Media Celebrity,Artista
436,People's Choice Awards,2019,Swift,Social Celebrity of the Year,Artista
437,People's Choice Awards,2020,"""Only the Young""",Female Artist of the Year,Canción
438,People's Choice Awards,2022,"""Only the Young""",Female Artist of the Year,Canción
439,People's Choice Awards,2022,"""Anti-Hero""",Female Artist of the Year,Canción
440,People's Choice Awards,2022,Swift,Female Artist of the Year,Artista
441,People's Choice Awards,2024,Swift,Female Artist of the Year,Artista
442,People's Choice Awards,2024,Swift,Pop Artist of the Year,Artista
443,People's Choice Awards,2024,Swift,Social Celebrity of the Year,Artista
444,People's Choice Awards,2024,Swift,The Eras Tour,Artista
445,Pollstar Awards,2019,Reputation Stadium Tour,Best Pop Tour,Álbum
446,Pollstar Awards,2024,Reputation Stadium Tour,Pop Touring Artist of the Decade,Álbum
447,Pollstar Awards,2024,Reputation Stadium Tour,AMC x Taylor Swift: The Eras Tour Theatrical Exhibition,Álbum
448,Popstar! Poptastic Awards,2010,Swift,Favorite Female Singer,Artista
449,Premios MUSA,2023,Swift,International Anglophone Artist of the Year,Artista
450,Primetime Emmy Awards,2015,AMEX Unstaged: Taylor Swift Experience,Outstanding Creative Achievement in Interactive Media — Original Interactive Program,Álbum
451,Q Awards,2018,Swift,Best Solo Artist,Artista
452,Radio Disney Music Awards,2013,"""I Knew You Were Trouble""",Song of the Year,Canción
453,Radio Disney Music Awards,2013,"""We Are Never Ever Getting Back Together""",Song of the Year,Canción
454,Radio Disney Music Awards,2014,Swift,Song of the Year,Artista
455,Radio Disney Music Awards,2014,Swift,Song of the Year,Artista
456,Radio Disney Music Awards,2015,Swift,Best Song to Dance To,Artista
457,Radio Disney Music Awards,2016,Swift,Most Talked About Artist,Artista
458,Radio Disney Music Awards,2016,Swift,Best Breakup Song,Artista
459,Radio Disney Music Awards,2016,Swift,Most Talked About Artist,Artista
460,RFK Human Rights Ripple of Hope Awards,2012,Swift,Ripple of Hope Award,Artista
461,RTHK International Pop Poll Awards,2013,"""We Are Never Ever Getting Back Together""",Top Ten International Gold Songs,Canción
462,RTHK International Pop Poll Awards,2013,Red,Top Ten International Gold Songs,Álbum
463,RTHK International Pop Poll Awards,2015,Swift,Top Ten International Gold Songs,Artista
464,RTHK International Pop Poll Awards,2015,Swift,Super Gold Song,Artista
465,RTHK International Pop Poll Awards,2015,1989,Super Gold Song,Álbum
466,RTHK International Pop Poll Awards,2016,Swift,Super Gold Song,Artista
467,RTHK International Pop Poll Awards,2018,Swift,Super Gold Song,Artista
468,RTHK International Pop Poll Awards,2018,Reputation,Super Gold Song,Álbum
469,RTHK International Pop Poll Awards,2020,Swift,Super Gold Song,Artista
470,RTHK International Pop Poll Awards,2020,Lover,Super Gold Song,Álbum
471,RTHK International Pop Poll Awards,2021,Swift,Super Gold Song,Artista
472,RTHK International Pop Poll Awards,2021,Swift,Super Gold Song,Artista
473,RTHK International Pop Poll Awards,2022,Swift,Super Gold Song,Artista
474,RTHK International Pop Poll Awards,2023,Swift,Super Gold Song,Artista
475,RTHK International Pop Poll Awards,2023,Swift,Super Gold Song,Artista
476,RTHK International Pop Poll Awards,2023,Midnights,Super Gold Song,Álbum
477,Shorty Awards,2015,Swift,Best Singer,Artista
478,Shorty Awards,2016,Swift,Best Singer,Artista
479,SiriusXM Indie Awards,2009,Fearless,Favourite International Single,Álbum
480,SiriusXM Indie Awards,2011,Swift,Favourite International Single,Artista
481,SiriusXM Indie Awards,2013,Speak Now,Favourite International Single,Álbum
482,Songwriters Hall of Fame,2010,Swift,Hal David Starlight Award,Artista
483,Teen Choice Awards,2008,Swift,Choice Breakout Artist,Artista
484,Teen Choice Awards,2009,Swift,Choice Breakout Artist,Artista
485,Teen Choice Awards,2009,Fearless,Choice Breakout Artist,Álbum
486,Teen Choice Awards,2010,Swift,Choice Liplock,Artista
487,Teen Choice Awards,2010,Swift,Choice Female Country Artist,Artista
488,Teen Choice Awards,2010,"""Fifteen""",Choice Female Country Artist,Canción
489,Teen Choice Awards,2010,Fearless,Choice Female Country Artist,Álbum
490,Teen Choice Awards,2011,Fearless,Choice Female Country Artist,Álbum
491,Teen Choice Awards,2011,Fearless,Choice Female Artist,Álbum
492,Teen Choice Awards,2011,Fearless,Choice Female Country Artist,Álbum
493,Teen Choice Awards,2011,Fearless,Ultimate Choice,Álbum
494,Teen Choice Awards,2011,"""Mean""",Ultimate Choice,Canción
495,Teen Choice Awards,2011,"""Back to December""",Ultimate Choice,Canción
496,Teen Choice Awards,2012,"""Mine""",Ultimate Choice,Canción
497,Teen Choice Awards,2012,"""Mine""",Choice Female Country Artist,Canción
498,Teen Choice Awards,2012,"""Mine""",The Lorax,Canción
499,Teen Choice Awards,2012,"""Eyes Open""",The Lorax,Canción
500,Teen Choice Awards,2012,"""Sparks Fly""",The Lorax,Canción
501,Teen Choice Awards,2013,"""Sparks Fly""",Choice Female Country Artist,Canción
502,Teen Choice Awards,2013,"""We Are Never Ever Getting Back Together""",Choice Smile,Canción
503,Teen Choice Awards,2014,"""Red Tour""",Choice Female Country Artist,Canción
504,Teen Choice Awards,2015,"""Red Tour""",Choice Summer Music Star: Female,Canción
505,Teen Choice Awards,2015,"""Red Tour""",Choice Twit,Canción
506,Teen Choice Awards,2015,"""Bad Blood"" (featuring Kendrick Lamar)",Choice Twit,Canción
507,Teen Choice Awards,2015,"""Bad Blood"" (featuring Kendrick Lamar)",Choice Music Collaboration,Canción
508,Teen Choice Awards,2019,Swift,Reputation Stadium Tour,Artista
509,Telehit Awards,2013,Red,Best Female Pop Album,Álbum
510,Telehit Awards,2015,Red,Best Female Pop Album,Álbum
511,Telehit Awards,2015,"""Bad Blood"" (featuring Kendrick Lamar)",Best Female Pop Album,Canción
512,Tencent Music Entertainment Awards,2020,Swift,Best Foreign Artist,Artista
513,Tencent Music Entertainment Awards,2021,Swift,Best Foreign Artist,Artista
514,Tencent Music Entertainment Awards,2023,Swift,Best Foreign Artist,Artista
515,Ticketmaster Awards,2018,Swift,Artist of the Year,Artista
516,Ticketmaster Awards,2019,Swift,Artist of the Year,Artista
517,UK Music Video Awards,2015,"""Bad Blood"" (featuring Kendrick Lamar)",Best Pop Video – International,Canción
518,UK Music Video Awards,2015,"""Bad Blood"" (featuring Kendrick Lamar)",Best Styling,Canción
519,V Chart Awards,2013,Swift,Favorite Artist of the Year (Western),Artista
520,V Chart Awards,2014,Swift,Favorite Artist of the Year (Western),Artista
521,V Chart Awards,2015,Swift,Favorite Artist of the Year (Western),Artista
522,V Chart Awards,2015,Swift,Favorite Artist of the Year (Western),Artista
523,V Chart Awards,2015,Swift,Top Female Artist (Western),Artista
524,V Chart Awards,2016,Swift,Top Female Artist (Western),Artista
525,V Chart Awards,2017,Swift,Top Female Artist (Western),Artista
526,V Chart Awards,2017,Swift,Top Female Artist (Western),Artista
527,Weibo Starlight Awards,2019,Swift,Most Influential Musician (Western),Artista
528,Weibo Starlight Awards,2021,Swift,Most Influential Musician (Western),Artista
529,Weibo Starlight Awards,2021,Swift,Western Hall of Fame Award,Artista
530,Young Hollywood Awards,2008,Swift,Superstar of Tomorrow,Artista
531,YouTube Music Awards,2013,"""I Knew You Were Trouble""",YouTube Phenomenon,Canción
532,YouTube Music Awards,2015,"""I Knew You Were Trouble""",YouTube Phenomenon,Canción
533,Žebřík Music Awards,2023,Swift,Foreign Female Artist of the Year,Artista
