city,country,attendance,revenue,tour,tour_id
Evansville,United States,"7,463 / 7,463","$360,617",fearless,ts02
Jonesboro,United States,"7,822 / 7,822","$340,328",fearless,ts02
St. Louis,United States,"13,764 / 13,764","$650,420",fearless,ts02
Alexandria,United States,Â,Â,fearless,ts02
North Charleston,United States,"8,751 / 8,751","$398,154",fearless,ts02
Jacksonville,United States,"11,072 / 11,072","$507,012",fearless,ts02
Biloxi,United States,"9,436 / 9,436","$437,313",fearless,ts02
London,England,"6,789 / 6,789","$401,328",fearless,ts02
London,England,"6,789 / 6,789","$401,328",fearless,ts02
Spokane,United States,"10,798 / 10,798","$482,146",fearless,ts02
Seattle,United States,"12,061 / 12,061","$528,637",fearless,ts02
Portland,United States,"13,226 / 13,226","$613,284",fearless,ts02
Nampa,United States,"8,970 / 8,970","$413,622",fearless,ts02
Glendale,United States,"13,052 / 13,052","$647,923",fearless,ts02
Los Angeles,United States,"13,648 / 13,648","$720,940",fearless,ts02
Paradise,United States,"8,311 / 8,311","$551,051",fearless,ts02
San Diego,United States,"10,174 / 10,174","$502,689",fearless,ts02
Salt Lake City,United States,"13,042 / 13,042","$555,207",fearless,ts02
New Brockton,United States,Â,Â,fearless,ts02
Columbia,United States,"17,619 / 17,619","$608,438",fearless,ts02
Greensboro,United States,"14,641 / 14,641","$690,959",fearless,ts02
Oshkosh,United States,Â,Â,fearless,ts02
Cadott,United States,Â,Â,fearless,ts02
Calgary,Canada,Â,Â,fearless,ts02
Edmonton,Canada,"33,910 / 44,500","$2,540,906",fearless,ts02
Craven,Canada,Â,Â,fearless,ts02
Winnipeg,Canada,"11,369 / 11,369","$512,487",fearless,ts02
Twin Lakes,United States,Â,Â,fearless,ts02
Columbus,United States,Â,Â,fearless,ts02
Charleston,United States,Â,Â,fearless,ts02
Cheyenne,United States,Â,Â,fearless,ts02
Rapid City,United States,Â,Â,fearless,ts02
Minot,United States,Â,Â,fearless,ts02
Philadelphia,United States,Â,Â,fearless,ts02
Detroit Lakes,United States,Â,Â,fearless,ts02
Omaha,United States,Â,Â,fearless,ts02
Chelmsford,England,Â,Â,fearless,ts02
Weston-under-Lizard,England,Â,Â,fearless,ts02
New York City,United States,"13,597 / 13,597","$976,062",fearless,ts02
Montville,United States,"7,507 / 7,507","$296,306",fearless,ts02
University Park,United States,Â,Â,fearless,ts02
Louisville,United States,Â,Â,fearless,ts02
Duluth,United States,Â,Â,fearless,ts02
Greenville,United States,Â,Â,fearless,ts02
Charlotte,United States,Â,Â,fearless,ts02
Lafayette,United States,Â,Â,fearless,ts02
Bossier City,United States,Â,Â,fearless,ts02
Birmingham,United States,Â,Â,fearless,ts02
Nashville,United States,"14,269 / 14,269","$642,387",fearless,ts02
Dallas,United States,"13,794 / 13,794","$628,062",fearless,ts02
North Little Rock,United States,"13,978 / 13,978","$654,089",fearless,ts02
Tulsa,United States,Â,Â,fearless,ts02
Pittsburgh,United States,Â,Â,fearless,ts02
Grand Rapids,United States,Â,Â,fearless,ts02
Cleveland,United States,"15,524 / 15,524","$743,492",fearless,ts02
Indianapolis,United States,"13,373 / 13,373","$634,876",fearless,ts02
Rosemont,United States,"26,265 / 26,265","$1,150,896",fearless,ts02
Rosemont,United States,"26,265 / 26,265","$1,150,896",fearless,ts02
Minneapolis,United States,"13,563 / 13,563","$623,975",fearless,ts02
London,England,Â,Â,fearless,ts02
Manchester,England,Â,Â,fearless,ts02
Brisbane,Australia,"11,334 / 11,334","$956,505",fearless,ts02
Sydney,Australia,"27,030 / 27,030","$2,030,640",fearless,ts02
Sydney,Australia,"27,030 / 27,030","$2,030,640",fearless,ts02
Newcastle,Australia,"7,180 / 7,180","$555,396",fearless,ts02
Melbourne,Australia,"23,493 / 23,493","$1,627,510",fearless,ts02
Melbourne,Australia,"23,493 / 23,493","$1,627,510",fearless,ts02
Adelaide,Australia,"9,066 / 9,066","$585,352",fearless,ts02
Tokyo,Japan,Â,Â,fearless,ts02
Tampa,United States,"13,861 / 13,861","$793,049",fearless,ts02
Orlando,United States,"11,101 / 11,101","$598,581",fearless,ts02
Sunrise,United States,"13,453 / 13,453","$777,442",fearless,ts02
Austin,United States,"11,928 / 11,928","$642,705",fearless,ts02
Dallas,United States,"14,022 / 14,022","$742,954",fearless,ts02
Corpus Christi,United States,"8,423 / 8,423","$501,169",fearless,ts02
Philadelphia,United States,"30,360 / 30,360","$2,002,321",fearless,ts02
Philadelphia,United States,"30,360 / 30,360","$2,002,321",fearless,ts02
Charlottesville,United States,"11,858 / 11,858","$664,305",fearless,ts02
Auburn Hills,United States,"29,125 / 29,125","$1,711,591",fearless,ts02
Auburn Hills,United States,"29,125 / 29,125","$1,711,591",fearless,ts02
Cincinnati,United States,"11,208 / 11,208","$645,592",fearless,ts02
Oklahoma City,United States,"11,795 / 11,795","$675,184",fearless,ts02
Wichita,United States,"11,208 / 11,208","$610,801",fearless,ts02
Kansas City,United States,"13,781 / 13,781","$761,110",fearless,ts02
Denver,United States,"25,991 / 25,991","$1,497,135",fearless,ts02
Denver,United States,"25,991 / 25,991","$1,497,135",fearless,ts02
Fresno,United States,"11,706 / 11,706","$649,488",fearless,ts02
San Jose,United States,"12,744 / 12,744","$716,726",fearless,ts02
Los Angeles,United States,"27,518 / 27,518","$1,736,197",fearless,ts02
Los Angeles,United States,"27,518 / 27,518","$1,736,197",fearless,ts02
Lexington,United States,"17,966 / 17,966","$1,024,223",fearless,ts02
Columbia,United States,"13,429 / 13,429","$755,475",fearless,ts02
Raleigh,United States,"13,895 / 13,895","$752,303",fearless,ts02
Des Moines,United States,"13,264 / 13,264","$738,280",fearless,ts02
Saint Paul,United States,"14,914 / 14,914","$846,111",fearless,ts02
Moline,United States,"10,641 / 10,641","$610,668",fearless,ts02
Newark,United States,"26,065 / 26,065","$1,742,669",fearless,ts02
Newark,United States,"26,065 / 26,065","$1,742,669",fearless,ts02
Uniondale,United States,"25,831 / 25,831","$1,713,529",fearless,ts02
Uniondale,United States,"25,831 / 25,831","$1,713,529",fearless,ts02
Ottawa,Canada,"13,376 / 13,376","$873,206",fearless,ts02
Toronto,Canada,"30,458 / 30,458","$2,497,690",fearless,ts02
Toronto,Canada,"30,458 / 30,458","$2,497,690",fearless,ts02
Houston,United States,"23,493 / 23,493","$1,290,926",fearless,ts02
Houston,United States,"23,493 / 23,493","$1,290,926",fearless,ts02
Baton Rouge,United States,Â,Â,fearless,ts02
Washington,United States,"27,290 / 27,290","$1,824,743",fearless,ts02
Washington,United States,"27,290 / 27,290","$1,824,743",fearless,ts02
Foxborough,United States,"56,868 / 56,868","$3,726,157",fearless,ts02
Nassau,The Bahamas,Â,Â,fearless,ts02
Cavendish,Canada,"35,000 / 35,000",Â,fearless,ts02
Singapore,Singapore,"8,964 / 8,964","$916,850",speak now,ts03
Seoul,South Korea,"4,725 / 4,725","$385,374",speak now,ts03
Osaka,Japan,"6,953 / 6,953","$758,113",speak now,ts03
Tokyo,Japan,"15,955 / 15,955","$1,738,227",speak now,ts03
Tokyo,Japan,"15,955 / 15,955","$1,738,227",speak now,ts03
Quezon City,Philippines,"12,667 / 12,667","$859,037",speak now,ts03
Hong Kong,Hong Kong,"12,573 / 12,573","$1,030,633",speak now,ts03
Brussels,Belgium,"4,622 / 4,622","$219,212",speak now,ts03
Rotterdam,Netherlands,"4,799 / 4,799","$248,314",speak now,ts03
Oslo,Norway,"8,650 / 8,650","$815,246",speak now,ts03
Oberhausen,Germany,"6,082 / 6,082","$370,028",speak now,ts03
Milan,Italy,"3,421 / 5,585","$153,303",speak now,ts03
Paris,France,"3,598 / 8,500","$201,781",speak now,ts03
Madrid,Spain,"3,962 / 3,962","$251,864",speak now,ts03
Birmingham,England,"9,339 / 9,339","$508,854",speak now,ts03
Belfast,Northern Ireland,"8,058 / 8,058","$379,001",speak now,ts03
Dublin,Ireland,"8,681 / 8,681","$419,806",speak now,ts03
Manchester,England,"10,488 / 11,622","$580,558",speak now,ts03
London,England,"15,265 / 15,681","$891,152",speak now,ts03
Omaha,United States,"26,992 / 26,992","$1,717,104",speak now,ts03
Omaha,United States,"26,992 / 26,992","$1,717,104",speak now,ts03
Des Moines,United States,"13,149 / 13,149","$862,771",speak now,ts03
Sunrise,United States,"24,077 / 24,077","$1,582,951",speak now,ts03
Sunrise,United States,"24,077 / 24,077","$1,582,951",speak now,ts03
Orlando,United States,"12,262 / 12,262","$791,980",speak now,ts03
Columbus,United States,"14,817 / 14,817","$955,259",speak now,ts03
Milwaukee,United States,"13,748 / 13,748","$897,042",speak now,ts03
Detroit,United States,"47,992 / 47,992","$3,453,549",speak now,ts03
Saint Paul,United States,"28,977 / 28,977","$1,913,737",speak now,ts03
Saint Paul,United States,"28,977 / 28,977","$1,913,737",speak now,ts03
Pittsburgh,United States,"52,009 / 52,009","$4,009,118",speak now,ts03
Buffalo,United States,"14,487 / 14,487","$966,749",speak now,ts03
Hartford,United States,"12,436 / 12,436","$810,165",speak now,ts03
Foxborough,United States,"110,800 / 110,800","$8,026,350",speak now,ts03
Foxborough,United States,"110,800 / 110,800","$8,026,350",speak now,ts03
Greensboro,United States,"14,789 / 14,789","$990,701",speak now,ts03
Knoxville,United States,"13,754 / 13,754","$903,875",speak now,ts03
Montreal,Canada,"13,439 / 13,439","$1,254,230",speak now,ts03
Toronto,Canada,"30,144 / 30,144","$3,036,000",speak now,ts03
Toronto,Canada,"30,144 / 30,144","$3,036,000",speak now,ts03
Newark,United States,"51,487 / 51,487","$3,875,463",speak now,ts03
Newark,United States,"51,487 / 51,487","$3,875,463",speak now,ts03
Newark,United States,"51,487 / 51,487","$3,875,463",speak now,ts03
Newark,United States,"51,487 / 51,487","$3,875,463",speak now,ts03
Grand Rapids,United States,"11,012 / 11,012","$724,854",speak now,ts03
Indianapolis,United States,"13,329 / 13,329","$877,175",speak now,ts03
Cleveland,United States,"14,873 / 14,873","$976,954",speak now,ts03
Washington,United States,"29,303 / 29,303","$2,068,789",speak now,ts03
Washington,United States,"29,303 / 29,303","$2,068,789",speak now,ts03
Philadelphia,United States,"51,395 / 51,395","$4,268,678",speak now,ts03
Rosemont,United States,"26,112 / 26,112","$1,909,603",speak now,ts03
Rosemont,United States,"26,112 / 26,112","$1,909,603",speak now,ts03
St. Louis,United States,"27,965 / 27,965","$1,850,159",speak now,ts03
St. Louis,United States,"27,965 / 27,965","$1,850,159",speak now,ts03
Edmonton,Canada,"25,336 / 25,336","$2,136,270",speak now,ts03
Edmonton,Canada,"25,336 / 25,336","$2,136,270",speak now,ts03
Los Angeles,United States,"54,900 / 54,900","$3,927,154",speak now,ts03
Los Angeles,United States,"54,900 / 54,900","$3,927,154",speak now,ts03
Los Angeles,United States,"54,900 / 54,900","$3,927,154",speak now,ts03
Los Angeles,United States,"54,900 / 54,900","$3,927,154",speak now,ts03
San Jose,United States,"24,827 / 24,827","$1,825,448",speak now,ts03
San Jose,United States,"24,827 / 24,827","$1,825,448",speak now,ts03
Sacramento,United States,"12,432 / 12,432","$934,326",speak now,ts03
Portland,United States,"13,610 / 13,610","$903,445",speak now,ts03
Tacoma,United States,"19,904 / 19,904","$1,289,430",speak now,ts03
Vancouver,Canada,"26,030 / 26,030","$2,190,680",speak now,ts03
Vancouver,Canada,"26,030 / 26,030","$2,190,680",speak now,ts03
Nashville,United States,"28,178 / 28,178","$1,841,134",speak now,ts03
Nashville,United States,"28,178 / 28,178","$1,841,134",speak now,ts03
Bossier City,United States,"11,510 / 11,510","$728,546",speak now,ts03
Tulsa,United States,"12,546 / 12,546","$907,573",speak now,ts03
Kansas City,United States,"48,562 / 48,562","$3,148,046",speak now,ts03
Denver,United States,"12,908 / 12,908","$834,916",speak now,ts03
Salt Lake City,United States,"13,720 / 13,720","$896,946",speak now,ts03
Atlanta,United States,"26,244 / 26,244","$1,726,661",speak now,ts03
Atlanta,United States,"26,244 / 26,244","$1,726,661",speak now,ts03
North Little Rock,United States,"13,566 / 13,566","$856,123",speak now,ts03
New Orleans,United States,"12,943 / 12,943","$830,289",speak now,ts03
Arlington,United States,"55,451 / 55,451","$4,337,062",speak now,ts03
Louisville,United States,"14,848 / 14,848","$1,003,828",speak now,ts03
Lubbock,United States,"10,419 / 10,419","$710,426",speak now,ts03
Oklahoma City,United States,"11,592 / 11,592","$758,364",speak now,ts03
San Diego,United States,"10,834 / 10,834","$792,634",speak now,ts03
Glendale,United States,"27,029 / 27,029","$1,826,025",speak now,ts03
Glendale,United States,"27,029 / 27,029","$1,826,025",speak now,ts03
San Antonio,United States,"13,851 / 13,851","$901,535",speak now,ts03
Austin,United States,"11,999 / 11,999","$752,078",speak now,ts03
Lexington,United States,"16,237 / 16,237","$1,041,935",speak now,ts03
Memphis,United States,"12,604 / 12,604","$820,036",speak now,ts03
Houston,United States,"42,095 / 42,095","$3,435,756",speak now,ts03
Jacksonville,United States,"11,785 / 11,785","$749,099",speak now,ts03
Tampa,United States,"13,695 / 13,695","$914,300",speak now,ts03
Miami,United States,"12,153 / 12,153","$786,904",speak now,ts03
Charlotte,United States,"14,272 / 14,272","$920,903",speak now,ts03
Raleigh,United States,"13,567 / 13,567","$866,056",speak now,ts03
Columbia,United States,"12,807 / 12,807","$828,231",speak now,ts03
New York,United States,"26,652 / 26,652","$1,988,411",speak now,ts03
New York,United States,"26,652 / 26,652","$1,988,411",speak now,ts03
Perth,Australia,"15,142 / 15,142","$1,878,530",speak now,ts03
Adelaide,Australia,"8,589 / 8,589","$1,075,370",speak now,ts03
Brisbane,Australia,"19,870 / 19,870","$2,416,030",speak now,ts03
Brisbane,Australia,"19,870 / 19,870","$2,416,030",speak now,ts03
Sydney,Australia,"27,900 / 27,900","$3,420,360",speak now,ts03
Sydney,Australia,"27,900 / 27,900","$3,420,360",speak now,ts03
Melbourne,Australia,"33,793 / 33,793","$4,151,650",speak now,ts03
Melbourne,Australia,"33,793 / 33,793","$4,151,650",speak now,ts03
Melbourne,Australia,"33,793 / 33,793","$4,151,650",speak now,ts03
Auckland,New Zealand,"32,585 / 32,585","$2,888,560",speak now,ts03
Auckland,New Zealand,"32,585 / 32,585","$2,888,560",speak now,ts03
Auckland,New Zealand,"32,585 / 32,585","$2,888,560",speak now,ts03
Omaha,United States,"27,877 / 27,877","$2,243,164",red,ts04
Omaha,United States,"27,877 / 27,877","$2,243,164",red,ts04
St. Louis,United States,"28,582 / 28,582","$2,346,203",red,ts04
St. Louis,United States,"28,582 / 28,582","$2,346,203",red,ts04
Charlotte,United States,"14,686 / 14,686","$1,162,733",red,ts04
Columbia,United States,"12,490 / 12,490","$996,114",red,ts04
Newark,United States,"38,065 / 38,065","$3,565,317",red,ts04
Newark,United States,"38,065 / 38,065","$3,565,317",red,ts04
Newark,United States,"38,065 / 38,065","$3,565,317",red,ts04
Miami,United States,"12,808 / 12,808","$1,010,175",red,ts04
Orlando,United States,"25,617 / 25,617","$2,054,128",red,ts04
Orlando,United States,"25,617 / 25,617","$2,054,128",red,ts04
Atlanta,United States,"25,471 / 25,471","$2,048,023",red,ts04
Atlanta,United States,"25,471 / 25,471","$2,048,023",red,ts04
Tampa,United States,"14,080 / 14,080","$1,132,095",red,ts04
Cleveland,United States,"15,336 / 15,336","$1,247,605",red,ts04
Indianapolis,United States,"13,573 / 13,573","$1,082,042",red,ts04
Lexington,United States,"17,003 / 17,003","$1,342,699",red,ts04
Detroit,United States,"48,265 / 48,265","$3,969,059",red,ts04
Louisville,United States,"15,135 / 15,135","$1,246,491",red,ts04
Columbus,United States,"14,267 / 14,267","$1,155,170",red,ts04
Washington,United States,"27,619 / 27,619","$2,489,205",red,ts04
Washington,United States,"27,619 / 27,619","$2,489,205",red,ts04
Houston,United States,"12,467 / 12,467","$961,422",red,ts04
Austin,United States,"11,916 / 11,916","$935,631",red,ts04
San Antonio,United States,"13,974 / 13,974","$1,105,253",red,ts04
Arlington,United States,"53,020 / 53,020","$4,589,266",red,ts04
Glendale,United States,"26,705 / 26,705","$2,239,370",red,ts04
Glendale,United States,"26,705 / 26,705","$2,239,370",red,ts04
Salt Lake City,United States,"14,007 / 14,007","$1,139,360",red,ts04
Denver,United States,"13,489 / 13,489","$1,076,069",red,ts04
Toronto,Canada,"87,627 / 87,627","$7,863,310",red,ts04
Toronto,Canada,"87,627 / 87,627","$7,863,310",red,ts04
Winnipeg,Canada,"33,061 / 33,061","$3,175,430",red,ts04
Edmonton,Canada,"25,663 / 25,663","$2,379,870",red,ts04
Edmonton,Canada,"25,663 / 25,663","$2,379,870",red,ts04
Vancouver,Canada,"41,142 / 41,142","$3,974,410",red,ts04
Pittsburgh,United States,"56,047 / 56,047","$4,718,518",red,ts04
East Rutherford,United States,"52,399 / 52,399","$4,670,011",red,ts04
Philadelphia,United States,"101,277 / 101,277","$8,822,335",red,ts04
Philadelphia,United States,"101,277 / 101,277","$8,822,335",red,ts04
Foxborough,United States,"110,712 / 110,712","$9,464,063",red,ts04
Foxborough,United States,"110,712 / 110,712","$9,464,063",red,ts04
Des Moines,United States,"13,368 / 13,368","$1,075,576",red,ts04
Kansas City,United States,"26,412 / 26,412","$2,093,172",red,ts04
Kansas City,United States,"26,412 / 26,412","$2,093,172",red,ts04
Wichita,United States,"12,231 / 12,231","$983,882",red,ts04
Tulsa,United States,"10,949 / 10,949","$868,955",red,ts04
Chicago,United States,"50,809 / 50,809","$4,149,148",red,ts04
San Diego,United States,"10,872 / 10,872","$948,541",red,ts04
Los Angeles,United States,"55,829 / 55,829","$4,734,463",red,ts04
Los Angeles,United States,"55,829 / 55,829","$4,734,463",red,ts04
Los Angeles,United States,"55,829 / 55,829","$4,734,463",red,ts04
Los Angeles,United States,"55,829 / 55,829","$4,734,463",red,ts04
Sacramento,United States,"12,795 / 12,795","$1,138,103",red,ts04
Portland,United States,"13,952 / 13,952","$1,084,760",red,ts04
Tacoma,United States,"20,348 / 20,348","$1,584,049",red,ts04
Fargo,United States,"21,073 / 21,073","$1,661,578",red,ts04
Saint Paul,United States,"28,920 / 28,920","$2,320,937",red,ts04
Saint Paul,United States,"28,920 / 28,920","$2,320,937",red,ts04
Greensboro,United States,"13,650 / 13,650","$1,109,253",red,ts04
Raleigh,United States,"13,941 / 13,941","$1,088,612",red,ts04
Charlottesville,United States,"12,689 / 12,689","$997,216",red,ts04
Nashville,United States,"41,292 / 41,292","$3,336,545",red,ts04
Nashville,United States,"41,292 / 41,292","$3,336,545",red,ts04
Nashville,United States,"41,292 / 41,292","$3,336,545",red,ts04
Auckland,New Zealand,"30,799 / 30,799","$3,100,290",red,ts04
Auckland,New Zealand,"30,799 / 30,799","$3,100,290",red,ts04
Auckland,New Zealand,"30,799 / 30,799","$3,100,290",red,ts04
Sydney,Australia,"40,930 / 40,930","$4,096,060",red,ts04
Brisbane,Australia,"38,907 / 38,907","$3,895,810",red,ts04
Perth,Australia,"21,827 / 21,827","$2,364,080",red,ts04
Melbourne,Australia,"47,257 / 47,257","$4,547,250",red,ts04
London,England,"74,740 / 74,740","$5,829,240",red,ts04
London,England,"74,740 / 74,740","$5,829,240",red,ts04
London,England,"74,740 / 74,740","$5,829,240",red,ts04
Berlin,Germany,"10,350 / 10,350","$755,006",red,ts04
London,England,,,red,ts04
London,England,,,red,ts04
Shanghai,China,"12,793 / 12,793","$1,864,934",red,ts04
Saitama,Japan,"20,046 / 20,046","$1,837,147",red,ts04
Jakarta,Indonesia,"8,130 / 8,130","$1,481,473",red,ts04
Pasay,Philippines,"9,775 / 9,775","$1,511,662",red,ts04
Singapore,Singapore,"16,344 / 16,344","$2,524,080",red,ts04
Kuala Lumpur,Malaysia,"7,525 / 7,525","$998,608",red,ts04
Singapore,Singapore,,,red,ts04
Tokyo,Japan,"100,320 / 100,320","$10,586,828",1989,ts05
Tokyo,Japan,"100,320 / 100,320","$10,586,828",1989,ts05
Winchester,United States,Â,Â,1989,ts05
Bossier City,United States,"12,459 / 12,459","$1,458,197",1989,ts05
Baton Rouge,United States,"50,227 / 50,227","$4,119,670",1989,ts05
Detroit,United States,"50,703 / 50,703","$5,999,690",1989,ts05
Louisville,United States,"16,242 / 16,242","$1,863,281",1989,ts05
Cleveland,United States,"15,503 / 15,503","$1,732,041",1989,ts05
Pittsburgh,United States,"54,801 / 54,801","$5,836,926",1989,ts05
Charlotte,United States,"15,024 / 15,024","$1,627,798",1989,ts05
Raleigh,United States,"13,886 / 13,886","$1,653,762",1989,ts05
Philadelphia,United States,"101,052 / 101,052","$11,987,816",1989,ts05
Philadelphia,United States,"101,052 / 101,052","$11,987,816",1989,ts05
Cologne,Germany,"29,020 / 29,020","$2,054,690",1989,ts05
Cologne,Germany,"29,020 / 29,020","$2,054,690",1989,ts05
Amsterdam,Netherlands,"11,166 / 11,166","$800,829",1989,ts05
Glasgow,Scotland,"11,021 / 11,021","$1,119,300",1989,ts05
Manchester,England,"14,773 / 14,773","$1,478,760",1989,ts05
London,England,Â,Â,1989,ts05
Dublin,Ireland,"25,188 / 25,188","$1,975,510",1989,ts05
Dublin,Ireland,"25,188 / 25,188","$1,975,510",1989,ts05
Ottawa,Canada,"13,480 / 13,480","$1,325,480",1989,ts05
Montreal,Canada,"14,770 / 14,770","$1,499,040",1989,ts05
East Rutherford,United States,"110,105 / 110,105","$13,423,858",1989,ts05
East Rutherford,United States,"110,105 / 110,105","$13,423,858",1989,ts05
Washington,United States,"85,014 / 85,014","$9,730,596",1989,ts05
Washington,United States,"85,014 / 85,014","$9,730,596",1989,ts05
Chicago,United States,"110,109 / 110,109","$11,469,887",1989,ts05
Chicago,United States,"110,109 / 110,109","$11,469,887",1989,ts05
Foxborough,United States,"116,849 / 116,849","$12,533,166",1989,ts05
Foxborough,United States,"116,849 / 116,849","$12,533,166",1989,ts05
Vancouver,Canada,"41,463 / 41,463","$4,081,820",1989,ts05
Edmonton,Canada,"26,534 / 26,534","$2,387,080",1989,ts05
Edmonton,Canada,"26,534 / 26,534","$2,387,080",1989,ts05
Seattle,United States,"55,711 / 55,711","$6,050,643",1989,ts05
Santa Clara,United States,"102,139 / 102,139","$13,031,146",1989,ts05
Santa Clara,United States,"102,139 / 102,139","$13,031,146",1989,ts05
Glendale,United States,"26,520 / 26,520","$3,029,628",1989,ts05
Glendale,United States,"26,520 / 26,520","$3,029,628",1989,ts05
Los Angeles,United States,"70,563 / 70,563","$8,961,681",1989,ts05
Los Angeles,United States,"70,563 / 70,563","$8,961,681",1989,ts05
Los Angeles,United States,"70,563 / 70,563","$8,961,681",1989,ts05
Los Angeles,United States,"70,563 / 70,563","$8,961,681",1989,ts05
Los Angeles,United States,"70,563 / 70,563","$8,961,681",1989,ts05
San Diego,United States,"44,710 / 44,710","$5,475,237",1989,ts05
Salt Lake City,United States,"14,131 / 14,131","$1,589,686",1989,ts05
Denver,United States,"27,126 / 27,126","$2,868,991",1989,ts05
Denver,United States,"27,126 / 27,126","$2,868,991",1989,ts05
Houston,United States,"40,122 / 40,122","$5,202,196",1989,ts05
Saint Paul,United States,"45,126 / 45,126","$5,514,863",1989,ts05
Saint Paul,United States,"45,126 / 45,126","$5,514,863",1989,ts05
Saint Paul,United States,"45,126 / 45,126","$5,514,863",1989,ts05
Indianapolis,United States,"14,010 / 14,010","$1,550,268",1989,ts05
Columbus,United States,"29,936 / 29,936","$3,369,693",1989,ts05
Columbus,United States,"29,936 / 29,936","$3,369,693",1989,ts05
Kansas City,United States,"27,857 / 27,857","$2,967,558",1989,ts05
Kansas City,United States,"27,857 / 27,857","$2,967,558",1989,ts05
Nashville,United States,"28,917 / 28,917","$3,354,844",1989,ts05
Nashville,United States,"28,917 / 28,917","$3,354,844",1989,ts05
St. Louis,United States,"29,688 / 29,688","$3,452,940",1989,ts05
St. Louis,United States,"29,688 / 29,688","$3,452,940",1989,ts05
Toronto,Canada,"99,283 / 99,283","$8,670,990",1989,ts05
Toronto,Canada,"99,283 / 99,283","$8,670,990",1989,ts05
Des Moines,United States,"13,969 / 13,969","$1,566,321",1989,ts05
Omaha,United States,"29,622 / 29,622","$3,121,421",1989,ts05
Omaha,United States,"29,622 / 29,622","$3,121,421",1989,ts05
Fargo,United States,"21,067 / 21,067","$2,219,188",1989,ts05
Arlington,United States,"62,630 / 62,630","$7,396,733",1989,ts05
Lexington,United States,"17,084 / 17,084","$1,870,471",1989,ts05
Greensboro,United States,"15,079 / 15,079","$1,662,171",1989,ts05
Atlanta,United States,"56,046 / 56,046","$6,034,846",1989,ts05
Miami,United States,"14,044 / 14,044","$1,527,919",1989,ts05
Tampa,United States,"56,987 / 56,987","$6,202,515",1989,ts05
Singapore,Singapore,"17,726 / 17,726","$3,217,569",1989,ts05
Singapore,Singapore,"17,726 / 17,726","$3,217,569",1989,ts05
Shanghai,China,"37,758 / 37,758","$5,917,348",1989,ts05
Shanghai,China,"37,758 / 37,758","$5,917,348",1989,ts05
Shanghai,China,"37,758 / 37,758","$5,917,348",1989,ts05
Sydney,Australia,"75,980 / 75,980","$6,571,683",1989,ts05
Brisbane,Australia,"46,881 / 46,881","$4,759,471",1989,ts05
Adelaide,Australia,"20,090 / 20,090","$2,407,499",1989,ts05
Adelaide,Australia,"20,090 / 20,090","$2,407,499",1989,ts05
Melbourne,Australia,"98,136 / 98,136","$10,421,553",1989,ts05
Melbourne,Australia,"98,136 / 98,136","$10,421,553",1989,ts05
Melbourne,Australia,"98,136 / 98,136","$10,421,553",1989,ts05
Glendale,United States,"59,157 / 59,157","$7,214,478",reputation,ts06
Santa Clara,United States,"107,550 / 107,550","$14,006,963",reputation,ts06
Santa Clara,United States,"107,550 / 107,550","$14,006,963",reputation,ts06
Pasadena,United States,"118,084 / 118,084","$16,251,980",reputation,ts06
Pasadena,United States,"118,084 / 118,084","$16,251,980",reputation,ts06
Seattle,United States,"56,021 / 56,021","$8,672,219",reputation,ts06
Denver,United States,"57,140 / 57,140","$7,926,366",reputation,ts06
Chicago,United States,"105,208 / 105,208","$14,576,697",reputation,ts06
Chicago,United States,"105,208 / 105,208","$14,576,697",reputation,ts06
Manchester,England,"77,258 / 77,258","$6,169,724",reputation,ts06
Manchester,England,"77,258 / 77,258","$6,169,724",reputation,ts06
Dublin,Ireland,"133,034 / 133,034","$8,567,769",reputation,ts06
Dublin,Ireland,"133,034 / 133,034","$8,567,769",reputation,ts06
London,England,"143,427 / 143,427","$12,214,933",reputation,ts06
London,England,"143,427 / 143,427","$12,214,933",reputation,ts06
Louisville,United States,"52,138 / 52,138","$4,928,219",reputation,ts06
Columbus,United States,"62,897 / 62,897","$6,606,529",reputation,ts06
Landover,United States,"95,672 / 95,672","$11,396,004",reputation,ts06
Landover,United States,"95,672 / 95,672","$11,396,004",reputation,ts06
Philadelphia,United States,"107,378 / 107,378","$11,951,047",reputation,ts06
Philadelphia,United States,"107,378 / 107,378","$11,951,047",reputation,ts06
Cleveland,United States,"51,323 / 51,323","$5,148,757",reputation,ts06
East Rutherford,United States,"165,654 / 165,654","$22,031,386",reputation,ts06
East Rutherford,United States,"165,654 / 165,654","$22,031,386",reputation,ts06
East Rutherford,United States,"165,654 / 165,654","$22,031,386",reputation,ts06
Foxborough,United States,"174,764 / 174,764","$21,779,846",reputation,ts06
Foxborough,United States,"174,764 / 174,764","$21,779,846",reputation,ts06
Foxborough,United States,"174,764 / 174,764","$21,779,846",reputation,ts06
Toronto,Canada,"100,310 / 100,310","$11,177,000",reputation,ts06
Toronto,Canada,"100,310 / 100,310","$11,177,000",reputation,ts06
Pittsburgh,United States,"56,445 / 56,445","$6,230,876",reputation,ts06
Atlanta,United States,"116,746 / 116,746","$18,089,415",reputation,ts06
Atlanta,United States,"116,746 / 116,746","$18,089,415",reputation,ts06
Tampa,United States,"55,909 / 55,909","$7,244,264",reputation,ts06
Miami Gardens,United States,"47,818 / 47,818","$7,072,164",reputation,ts06
Nashville,United States,"56,112 / 56,112","$9,007,179",reputation,ts06
Detroit,United States,"49,464 / 49,464","$6,597,852",reputation,ts06
Minneapolis,United States,"98,774 / 98,774","$10,242,024",reputation,ts06
Minneapolis,United States,"98,774 / 98,774","$10,242,024",reputation,ts06
Kansas City,United States,"58,611 / 58,611","$6,730,138",reputation,ts06
Indianapolis,United States,"55,729 / 55,729","$6,531,245",reputation,ts06
St. Louis,United States,"47,831 / 47,831","$4,884,054",reputation,ts06
New Orleans,United States,"53,172 / 53,172","$6,491,546",reputation,ts06
Houston,United States,"53,800 / 53,800","$9,350,275",reputation,ts06
Arlington,United States,"105,002 / 105,002","$15,006,157",reputation,ts06
Arlington,United States,"105,002 / 105,002","$15,006,157",reputation,ts06
Perth,Australia,"50,891 / 50,891","$4,153,658",reputation,ts06
Melbourne,Australia,"63,027 / 63,027","$6,755,570",reputation,ts06
Sydney,Australia,"72,805 / 72,805","$7,686,564",reputation,ts06
Brisbane,Australia,"43,907 / 43,907","$4,338,127",reputation,ts06
Auckland,New Zealand,"35,749 / 35,749","$3,617,593",reputation,ts06
Tokyo,Japan,"100,109 / 100,109","$14,859,847",reputation,ts06
Tokyo,Japan,"100,109 / 100,109","$14,859,847",reputation,ts06
