,City,Country,Venue,Opening act(s),Attendance (tickets sold / available),Revenue,Tour
0,Evansville,United States,Roberts Municipal Stadium,"Gloriana
Kellie Pickler","7,463 / 7,463","$360,617",fearless
1,Jonesboro,United States,Convocation Center,"Gloriana
Kellie Pickler","7,822 / 7,822","$340,328",fearless
2,St. Louis,United States,Scottrade Center,"Gloriana
Kellie Pickler","13,764 / 13,764","$650,420",fearless
3,Alexandria,United States,Bishop Ireton High School,"Gloriana
Kellie Pickler",,,fearless
4,North Charleston,United States,North Charleston Coliseum,"Gloriana
Kellie Pickler","8,751 / 8,751","$398,154",fearless
5,Jacksonville,United States,Jacksonville Veterans Memorial Arena,"Gloriana
Kellie Pickler","11,072 / 11,072","$507,012",fearless
6,Biloxi,United States,Mississippi Coast Coliseum,"Gloriana
Kellie Pickler","9,436 / 9,436","$437,313",fearless
7,London,England,Shepherd's Bush Empire,,"6,789 / 6,789","$401,328",fearless
8,London,England,Shepherd's Bush Empire,,"6,789 / 6,789","$401,328",fearless
9,Spokane,United States,Spokane Arena,"Gloriana
Kellie Pickler","10,798 / 10,798","$482,146",fearless
10,Seattle,United States,KeyArena,"Gloriana
Kellie Pickler","12,061 / 12,061","$528,637",fearless
11,Portland,United States,Rose Garden Arena,"Gloriana
Kellie Pickler","13,226 / 13,226","$613,284",fearless
12,Nampa,United States,Ford Arena,"Gloriana
Kellie Pickler","8,970 / 8,970","$413,622",fearless
13,Glendale,United States,Jobing.com Arena,"Gloriana
Kellie Pickler","13,052 / 13,052","$647,923",fearless
14,Los Angeles,United States,Staples Center,"Gloriana
Kellie Pickler","13,648 / 13,648","$720,940",fearless
15,Paradise,United States,Mandalay Bay Events Center,"Gloriana
Kellie Pickler","8,311 / 8,311","$551,051",fearless
16,San Diego,United States,Valley View Casino Center,"Gloriana
Kellie Pickler","10,174 / 10,174","$502,689",fearless
17,Salt Lake City,United States,EnergySolutions Arena,"Gloriana
Kellie Pickler","13,042 / 13,042","$555,207",fearless
18,New Brockton,United States,BamaJam Farms,,,,fearless
19,Columbia,United States,Merriweather Post Pavilion,"Gloriana
Kellie Pickler","17,619 / 17,619","$608,438",fearless
20,Greensboro,United States,Greensboro Coliseum,"Gloriana
Kellie Pickler","14,641 / 14,641","$690,959",fearless
21,Oshkosh,United States,Ford Festival Park,,,,fearless
22,Cadott,United States,Amphitheatre Concert Grounds,,,,fearless
23,Calgary,Canada,Pengrowth Saddledome,"Gloriana
Kellie Pickler",,,fearless
24,Edmonton,Canada,Commonwealth Stadium,,"33,910 / 44,500","$2,540,906",fearless
25,Craven,Canada,Big Valley Park,,,,fearless
26,Winnipeg,Canada,MTS Centre,"Gloriana
Kellie Pickler","11,369 / 11,369","$512,487",fearless
27,Twin Lakes,United States,Country Thunder Festival,,,,fearless
28,Columbus,United States,Value City Arena,"Gloriana
Kellie Pickler",,,fearless
29,Charleston,United States,Charleston Civic Center,"Gloriana
Kellie Pickler",,,fearless
30,Cheyenne,United States,Cheyenne Frontier Days Arena,Kellie Pickler,,,fearless
31,Rapid City,United States,Barnett Arena,"Gloriana
Kellie Pickler",,,fearless
32,Minot,United States,North Dakota State Fair Grandstand,,,,fearless
33,Philadelphia,United States,Wachovia Spectrum,"Gloriana
Kellie Pickler",,,fearless
34,Detroit Lakes,United States,Soo Pass Ranch,,,,fearless
35,Omaha,United States,Qwest Center Omaha,"Gloriana
Kellie Pickler",,,fearless
36,Chelmsford,England,Hylands Park,,,,fearless
37,Weston-under-Lizard,England,Weston Park,,,,fearless
38,New York City,United States,Madison Square Garden,"Gloriana
Kellie Pickler","13,597 / 13,597","$976,062",fearless
39,Montville,United States,Mohegan Sun Arena,"Gloriana
Kellie Pickler","7,507 / 7,507","$296,306",fearless
40,University Park,United States,Bryce Jordan Center,"Gloriana
Kellie Pickler",,,fearless
41,Louisville,United States,Freedom Hall,"Gloriana
Kellie Pickler",,,fearless
42,Duluth,United States,Arena at Gwinnett Center,"Gloriana
Kellie Pickler",,,fearless
43,Greenville,United States,Bi-Lo Center,"Gloriana
Kellie Pickler",,,fearless
44,Charlotte,United States,Time Warner Cable Arena,"Gloriana
Kellie Pickler",,,fearless
45,Lafayette,United States,Cajundome,"Gloriana
Kellie Pickler",,,fearless
46,Bossier City,United States,CenturyTel Center,"Gloriana
Kellie Pickler",,,fearless
47,Birmingham,United States,BJCC Arena,"Gloriana
Kellie Pickler",,,fearless
48,Nashville,United States,Bridgestone Arena,"Gloriana
Kellie Pickler","14,269 / 14,269","$642,387",fearless
49,Dallas,United States,American Airlines Center,"Gloriana
Kellie Pickler","13,794 / 13,794","$628,062",fearless
50,North Little Rock,United States,Verizon Arena,"Gloriana
Kellie Pickler","13,978 / 13,978","$654,089",fearless
51,Tulsa,United States,BOK Center,"Gloriana
Kellie Pickler",,,fearless
52,Pittsburgh,United States,Mellon Arena,"Gloriana
Kellie Pickler",,,fearless
53,Grand Rapids,United States,Van Andel Arena,"Gloriana
Kellie Pickler",,,fearless
54,Cleveland,United States,Quicken Loans Arena,"Gloriana
Kellie Pickler","15,524 / 15,524","$743,492",fearless
55,Indianapolis,United States,Conseco Fieldhouse,"Gloriana
Kellie Pickler","13,373 / 13,373","$634,876",fearless
56,Rosemont,United States,Allstate Arena,"Gloriana
Kellie Pickler","26,265 / 26,265","$1,150,896",fearless
57,Rosemont,United States,Allstate Arena,"Gloriana
Kellie Pickler","26,265 / 26,265","$1,150,896",fearless
58,Minneapolis,United States,Target Center,"Gloriana
Kellie Pickler","13,563 / 13,563","$623,975",fearless
59,London,England,Wembley Arena,Justin Bieber,,,fearless
60,Manchester,England,Manchester Evening News Arena,Justin Bieber,,,fearless
61,Brisbane,Australia,Brisbane Entertainment Centre,Gloriana,"11,334 / 11,334","$956,505",fearless
62,Sydney,Australia,Acer Arena,Gloriana,"27,030 / 27,030","$2,030,640",fearless
63,Sydney,Australia,Acer Arena,Gloriana,"27,030 / 27,030","$2,030,640",fearless
64,Newcastle,Australia,Newcastle Entertainment Centre,Gloriana,"7,180 / 7,180","$555,396",fearless
65,Melbourne,Australia,Rod Laver Arena,Gloriana,"23,493 / 23,493","$1,627,510",fearless
66,Melbourne,Australia,Rod Laver Arena,Gloriana,"23,493 / 23,493","$1,627,510",fearless
67,Adelaide,Australia,Adelaide Entertainment Centre,Gloriana,"9,066 / 9,066","$585,352",fearless
68,Tokyo,Japan,Zepp Tokyo,,,,fearless
69,Tampa,United States,St. Pete Times Forum,"Gloriana
Kellie Pickler","13,861 / 13,861","$793,049",fearless
70,Orlando,United States,Amway Arena,"Gloriana
Kellie Pickler","11,101 / 11,101","$598,581",fearless
71,Sunrise,United States,BankAtlantic Center,"Gloriana
Kellie Pickler","13,453 / 13,453","$777,442",fearless
72,Austin,United States,Frank Erwin Center,"Gloriana
Kellie Pickler","11,928 / 11,928","$642,705",fearless
73,Dallas,United States,American Airlines Center,"Gloriana
Kellie Pickler","14,022 / 14,022","$742,954",fearless
74,Corpus Christi,United States,American Bank Center Arena,"Gloriana
Kellie Pickler","8,423 / 8,423","$501,169",fearless
75,Philadelphia,United States,Wells Fargo Center,"Gloriana
Kellie Pickler","30,360 / 30,360","$2,002,321",fearless
76,Philadelphia,United States,Wells Fargo Center,"Gloriana
Kellie Pickler","30,360 / 30,360","$2,002,321",fearless
77,Charlottesville,United States,John Paul Jones Arena,"Gloriana
Kellie Pickler","11,858 / 11,858","$664,305",fearless
78,Auburn Hills,United States,The Palace of Auburn Hills,"Gloriana
Kellie Pickler","29,125 / 29,125","$1,711,591",fearless
79,Auburn Hills,United States,The Palace of Auburn Hills,"Gloriana
Kellie Pickler","29,125 / 29,125","$1,711,591",fearless
80,Cincinnati,United States,U.S. Bank Arena,"Gloriana
Kellie Pickler","11,208 / 11,208","$645,592",fearless
81,Oklahoma City,United States,Ford Center,"Gloriana
Kellie Pickler","11,795 / 11,795","$675,184",fearless
82,Wichita,United States,Intrust Bank Arena,"Gloriana
Kellie Pickler","11,208 / 11,208","$610,801",fearless
83,Kansas City,United States,Sprint Center,"Gloriana
Kellie Pickler","13,781 / 13,781","$761,110",fearless
84,Denver,United States,Pepsi Center,"Gloriana
Kellie Pickler","25,991 / 25,991","$1,497,135",fearless
85,Denver,United States,Pepsi Center,"Gloriana
Kellie Pickler","25,991 / 25,991","$1,497,135",fearless
86,Fresno,United States,Save Mart Center,"Gloriana
Kellie Pickler","11,706 / 11,706","$649,488",fearless
87,San Jose,United States,HP Pavilion,"Gloriana
Kellie Pickler","12,744 / 12,744","$716,726",fearless
88,Los Angeles,United States,Staples Center,"Gloriana
Kellie Pickler","27,518 / 27,518","$1,736,197",fearless
89,Los Angeles,United States,Staples Center,"Gloriana
Kellie Pickler","27,518 / 27,518","$1,736,197",fearless
90,Lexington,United States,Rupp Arena,"Gloriana
Kellie Pickler","17,966 / 17,966","$1,024,223",fearless
91,Columbia,United States,Colonial Life Arena,"Gloriana
Kellie Pickler","13,429 / 13,429","$755,475",fearless
92,Raleigh,United States,RBC Center,"Gloriana
Kellie Pickler","13,895 / 13,895","$752,303",fearless
93,Des Moines,United States,Wells Fargo Arena,"Gloriana
Kellie Pickler","13,264 / 13,264","$738,280",fearless
94,Saint Paul,United States,Xcel Energy Center,"Gloriana
Kellie Pickler","14,914 / 14,914","$846,111",fearless
95,Moline,United States,iWireless Center,"Gloriana
Kellie Pickler","10,641 / 10,641","$610,668",fearless
96,Newark,United States,Prudential Center,"Gloriana
Kellie Pickler","26,065 / 26,065","$1,742,669",fearless
97,Newark,United States,Prudential Center,"Gloriana
Kellie Pickler","26,065 / 26,065","$1,742,669",fearless
98,Uniondale,United States,Nassau Veterans Memorial Coliseum,"Gloriana
Kellie Pickler","25,831 / 25,831","$1,713,529",fearless
99,Uniondale,United States,Nassau Veterans Memorial Coliseum,"Gloriana
Kellie Pickler","25,831 / 25,831","$1,713,529",fearless
100,Ottawa,Canada,Scotiabank Place,"Gloriana
Kellie Pickler","13,376 / 13,376","$873,206",fearless
101,Toronto,Canada,Air Canada Centre,"Gloriana
Kellie Pickler","30,458 / 30,458","$2,497,690",fearless
102,Toronto,Canada,Air Canada Centre,"Gloriana
Kellie Pickler","30,458 / 30,458","$2,497,690",fearless
103,Houston,United States,Toyota Center,"Gloriana
Kellie Pickler","23,493 / 23,493","$1,290,926",fearless
104,Houston,United States,Toyota Center,"Gloriana
Kellie Pickler","23,493 / 23,493","$1,290,926",fearless
105,Baton Rouge,United States,Tiger Stadium,,,,fearless
106,Washington,United States,Verizon Center,"Gloriana
Kellie Pickler","27,290 / 27,290","$1,824,743",fearless
107,Washington,United States,Verizon Center,"Gloriana
Kellie Pickler","27,290 / 27,290","$1,824,743",fearless
108,Foxborough,United States,Gillette Stadium,"Gloriana
Justin Bieber
Kellie Pickler","56,868 / 56,868","$3,726,157",fearless
109,Nassau,The Bahamas,Imperial Ballroom,"Gloriana
Kellie Pickler",,,fearless
110,Cavendish,Canada,Cavendish Beach Festival Grounds,,"35,000 / 35,000",,fearless
111,Singapore,Singapore,Singapore Indoor Stadium,Sezairi Sezali,"8,964 / 8,964","$916,850",speak now
112,Seoul,South Korea,Olympic Gymnastics Arena,,"4,725 / 4,725","$385,374",speak now
113,Osaka,Japan,Osaka-Jo Hall,,"6,953 / 6,953","$758,113",speak now
114,Tokyo,Japan,Nippon Budokan,,"15,955 / 15,955","$1,738,227",speak now
115,Tokyo,Japan,Nippon Budokan,,"15,955 / 15,955","$1,738,227",speak now
116,Quezon City,Philippines,Smart Araneta Coliseum,Sam Concepcion,"12,667 / 12,667","$859,037",speak now
117,Hong Kong,Hong Kong,AsiaWorldArena,Saito Johnny,"12,573 / 12,573","$1,030,633",speak now
118,Brussels,Belgium,Forest National,Tom Dice,"4,622 / 4,622","$219,212",speak now
119,Rotterdam,Netherlands,Sportpaleis van Ahoy,Tom Dice,"4,799 / 4,799","$248,314",speak now
120,Oslo,Norway,Oslo Spektrum,,"8,650 / 8,650","$815,246",speak now
121,Oberhausen,Germany,König Pilsener Arena,Martin & James,"6,082 / 6,082","$370,028",speak now
122,Milan,Italy,Mediolanum Forum,Emma Marrone,"3,421 / 5,585","$153,303",speak now
123,Paris,France,Zénith de Paris,,"3,598 / 8,500","$201,781",speak now
124,Madrid,Spain,Palacio de los Deportes,The Bright,"3,962 / 3,962","$251,864",speak now
125,Birmingham,England,LG Arena,Martin & James,"9,339 / 9,339","$508,854",speak now
126,Belfast,Northern Ireland,Odyssey Arena,Ryan Sheridan,"8,058 / 8,058","$379,001",speak now
127,Dublin,Ireland,The O2,Ryan Sheridan,"8,681 / 8,681","$419,806",speak now
128,Manchester,England,Manchester Evening News Arena,Martin & James,"10,488 / 11,622","$580,558",speak now
129,London,England,The O2 Arena,Martin & James,"15,265 / 15,681","$891,152",speak now
130,Omaha,United States,Qwest Center Omaha,Needtobreathe,"26,992 / 26,992","$1,717,104",speak now
131,Omaha,United States,Qwest Center Omaha,Needtobreathe,"26,992 / 26,992","$1,717,104",speak now
132,Des Moines,United States,Wells Fargo Arena,Needtobreathe,"13,149 / 13,149","$862,771",speak now
133,Sunrise,United States,BankAtlantic Center,Needtobreathe,"24,077 / 24,077","$1,582,951",speak now
134,Sunrise,United States,BankAtlantic Center,Needtobreathe,"24,077 / 24,077","$1,582,951",speak now
135,Orlando,United States,Amway Center,Needtobreathe,"12,262 / 12,262","$791,980",speak now
136,Columbus,United States,Nationwide Arena,Needtobreathe,"14,817 / 14,817","$955,259",speak now
137,Milwaukee,United States,Bradley Center,Needtobreathe,"13,748 / 13,748","$897,042",speak now
138,Detroit,United States,Ford Field,Needtobreathe,"47,992 / 47,992","$3,453,549",speak now
139,Saint Paul,United States,Xcel Energy Center,Needtobreathe,"28,977 / 28,977","$1,913,737",speak now
140,Saint Paul,United States,Xcel Energy Center,Needtobreathe,"28,977 / 28,977","$1,913,737",speak now
141,Pittsburgh,United States,Heinz Field,Needtobreathe,"52,009 / 52,009","$4,009,118",speak now
142,Buffalo,United States,First Niagara Center,Needtobreathe,"14,487 / 14,487","$966,749",speak now
143,Hartford,United States,XL Center,Needtobreathe,"12,436 / 12,436","$810,165",speak now
144,Foxborough,United States,Gillette Stadium,Needtobreathe,"110,800 / 110,800","$8,026,350",speak now
145,Foxborough,United States,Gillette Stadium,Needtobreathe,"110,800 / 110,800","$8,026,350",speak now
146,Greensboro,United States,Greensboro Coliseum,Needtobreathe,"14,789 / 14,789","$990,701",speak now
147,Knoxville,United States,ThompsonBoling Arena,Needtobreathe,"13,754 / 13,754","$903,875",speak now
148,Montreal,Canada,Bell Centre,Needtobreathe,"13,439 / 13,439","$1,254,230",speak now
149,Toronto,Canada,Air Canada Centre,Needtobreathe,"30,144 / 30,144","$3,036,000",speak now
150,Toronto,Canada,Air Canada Centre,Needtobreathe,"30,144 / 30,144","$3,036,000",speak now
151,Newark,United States,Prudential Center,Needtobreathe,"51,487 / 51,487","$3,875,463",speak now
152,Newark,United States,Prudential Center,Needtobreathe,"51,487 / 51,487","$3,875,463",speak now
153,Newark,United States,Prudential Center,Needtobreathe,"51,487 / 51,487","$3,875,463",speak now
154,Newark,United States,Prudential Center,Needtobreathe,"51,487 / 51,487","$3,875,463",speak now
155,Grand Rapids,United States,Van Andel Arena,Needtobreathe,"11,012 / 11,012","$724,854",speak now
156,Indianapolis,United States,Conseco Fieldhouse,Needtobreathe,"13,329 / 13,329","$877,175",speak now
157,Cleveland,United States,Quicken Loans Arena,Needtobreathe,"14,873 / 14,873","$976,954",speak now
158,Washington,United States,Verizon Center,Needtobreathe,"29,303 / 29,303","$2,068,789",speak now
159,Washington,United States,Verizon Center,Needtobreathe,"29,303 / 29,303","$2,068,789",speak now
160,Philadelphia,United States,Lincoln Financial Field,Needtobreathe,"51,395 / 51,395","$4,268,678",speak now
161,Rosemont,United States,Allstate Arena,Needtobreathe,"26,112 / 26,112","$1,909,603",speak now
162,Rosemont,United States,Allstate Arena,Needtobreathe,"26,112 / 26,112","$1,909,603",speak now
163,St. Louis,United States,Scottrade Center,Needtobreathe,"27,965 / 27,965","$1,850,159",speak now
164,St. Louis,United States,Scottrade Center,Needtobreathe,"27,965 / 27,965","$1,850,159",speak now
165,Edmonton,Canada,Rexall Place,Needtobreathe,"25,336 / 25,336","$2,136,270",speak now
166,Edmonton,Canada,Rexall Place,Needtobreathe,"25,336 / 25,336","$2,136,270",speak now
167,Los Angeles,United States,Staples Center,Needtobreathe,"54,900 / 54,900","$3,927,154",speak now
168,Los Angeles,United States,Staples Center,Needtobreathe,"54,900 / 54,900","$3,927,154",speak now
169,Los Angeles,United States,Staples Center,Needtobreathe,"54,900 / 54,900","$3,927,154",speak now
170,Los Angeles,United States,Staples Center,Needtobreathe,"54,900 / 54,900","$3,927,154",speak now
171,San Jose,United States,HP Pavilion,Needtobreathe,"24,827 / 24,827","$1,825,448",speak now
172,San Jose,United States,HP Pavilion,Needtobreathe,"24,827 / 24,827","$1,825,448",speak now
173,Sacramento,United States,Power Balance Pavilion,Needtobreathe,"12,432 / 12,432","$934,326",speak now
174,Portland,United States,Rose Garden Arena,Needtobreathe,"13,610 / 13,610","$903,445",speak now
175,Tacoma,United States,Tacoma Dome,Needtobreathe,"19,904 / 19,904","$1,289,430",speak now
176,Vancouver,Canada,Rogers Arena,Needtobreathe,"26,030 / 26,030","$2,190,680",speak now
177,Vancouver,Canada,Rogers Arena,Needtobreathe,"26,030 / 26,030","$2,190,680",speak now
178,Nashville,United States,Bridgestone Arena,Needtobreathe,"28,178 / 28,178","$1,841,134",speak now
179,Nashville,United States,Bridgestone Arena,Needtobreathe,"28,178 / 28,178","$1,841,134",speak now
180,Bossier City,United States,CenturyLink Center,Needtobreathe,"11,510 / 11,510","$728,546",speak now
181,Tulsa,United States,BOK Center,Needtobreathe,"12,546 / 12,546","$907,573",speak now
182,Kansas City,United States,Arrowhead Stadium,Needtobreathe,"48,562 / 48,562","$3,148,046",speak now
183,Denver,United States,Pepsi Center,Needtobreathe,"12,908 / 12,908","$834,916",speak now
184,Salt Lake City,United States,EnergySolutions Arena,Needtobreathe,"13,720 / 13,720","$896,946",speak now
185,Atlanta,United States,Philips Arena,Needtobreathe,"26,244 / 26,244","$1,726,661",speak now
186,Atlanta,United States,Philips Arena,Needtobreathe,"26,244 / 26,244","$1,726,661",speak now
187,North Little Rock,United States,Verizon Arena,Needtobreathe,"13,566 / 13,566","$856,123",speak now
188,New Orleans,United States,New Orleans Arena,Needtobreathe,"12,943 / 12,943","$830,289",speak now
189,Arlington,United States,Cowboys Stadium,Needtobreathe,"55,451 / 55,451","$4,337,062",speak now
190,Louisville,United States,KFC Yum! Center,Needtobreathe,"14,848 / 14,848","$1,003,828",speak now
191,Lubbock,United States,United Spirit Arena,Needtobreathe,"10,419 / 10,419","$710,426",speak now
192,Oklahoma City,United States,Chesapeake Energy Arena,Needtobreathe,"11,592 / 11,592","$758,364",speak now
193,San Diego,United States,Valley View Casino Center,Needtobreathe,"10,834 / 10,834","$792,634",speak now
194,Glendale,United States,Jobing.com Arena,Needtobreathe,"27,029 / 27,029","$1,826,025",speak now
195,Glendale,United States,Jobing.com Arena,Needtobreathe,"27,029 / 27,029","$1,826,025",speak now
196,San Antonio,United States,AT&T Center,Needtobreathe,"13,851 / 13,851","$901,535",speak now
197,Austin,United States,Frank Erwin Center,Needtobreathe,"11,999 / 11,999","$752,078",speak now
198,Lexington,United States,Rupp Arena,Needtobreathe,"16,237 / 16,237","$1,041,935",speak now
199,Memphis,United States,FedExForum,Needtobreathe,"12,604 / 12,604","$820,036",speak now
200,Houston,United States,Minute Maid Park,Needtobreathe,"42,095 / 42,095","$3,435,756",speak now
201,Jacksonville,United States,Jacksonville Veterans Memorial Arena,Needtobreathe,"11,785 / 11,785","$749,099",speak now
202,Tampa,United States,St. Pete Times Forum,Needtobreathe,"13,695 / 13,695","$914,300",speak now
203,Miami,United States,American Airlines Arena,Needtobreathe,"12,153 / 12,153","$786,904",speak now
204,Charlotte,United States,Time Warner Cable Arena,Needtobreathe,"14,272 / 14,272","$920,903",speak now
205,Raleigh,United States,RBC Center,Needtobreathe,"13,567 / 13,567","$866,056",speak now
206,Columbia,United States,Colonial Life Arena,Needtobreathe,"12,807 / 12,807","$828,231",speak now
207,New York,United States,Madison Square Garden,Needtobreathe,"26,652 / 26,652","$1,988,411",speak now
208,New York,United States,Madison Square Garden,Needtobreathe,"26,652 / 26,652","$1,988,411",speak now
209,Perth,Australia,Burswood Dome,Hot Chelle Rae,"15,142 / 15,142","$1,878,530",speak now
210,Adelaide,Australia,Adelaide Entertainment Centre,Hot Chelle Rae,"8,589 / 8,589","$1,075,370",speak now
211,Brisbane,Australia,Brisbane Entertainment Centre,Hot Chelle Rae,"19,870 / 19,870","$2,416,030",speak now
212,Brisbane,Australia,Brisbane Entertainment Centre,Hot Chelle Rae,"19,870 / 19,870","$2,416,030",speak now
213,Sydney,Australia,Allphones Arena,Hot Chelle Rae,"27,900 / 27,900","$3,420,360",speak now
214,Sydney,Australia,Allphones Arena,Hot Chelle Rae,"27,900 / 27,900","$3,420,360",speak now
215,Melbourne,Australia,Rod Laver Arena,Hot Chelle Rae,"33,793 / 33,793","$4,151,650",speak now
216,Melbourne,Australia,Rod Laver Arena,Hot Chelle Rae,"33,793 / 33,793","$4,151,650",speak now
217,Melbourne,Australia,Rod Laver Arena,Hot Chelle Rae,"33,793 / 33,793","$4,151,650",speak now
218,Auckland,New Zealand,Vector Arena,Hot Chelle Rae,"32,585 / 32,585","$2,888,560",speak now
219,Auckland,New Zealand,Vector Arena,Hot Chelle Rae,"32,585 / 32,585","$2,888,560",speak now
220,Auckland,New Zealand,Vector Arena,Hot Chelle Rae,"32,585 / 32,585","$2,888,560",speak now
221,Omaha,United States,CenturyLink Center Omaha,"Ed Sheeran
Brett Eldredge","27,877 / 27,877","$2,243,164",red
222,Omaha,United States,CenturyLink Center Omaha,"Ed Sheeran
Brett Eldredge","27,877 / 27,877","$2,243,164",red
223,St. Louis,United States,Scottrade Center,"Ed Sheeran
Brett Eldredge","28,582 / 28,582","$2,346,203",red
224,St. Louis,United States,Scottrade Center,"Ed Sheeran
Brett Eldredge","28,582 / 28,582","$2,346,203",red
225,Charlotte,United States,Time Warner Cable Arena,"Ed Sheeran
Brett Eldredge","14,686 / 14,686","$1,162,733",red
226,Columbia,United States,Colonial Life Arena,"Ed Sheeran
Brett Eldredge","12,490 / 12,490","$996,114",red
227,Newark,United States,Prudential Center,"Ed Sheeran
Florida Georgia Line","38,065 / 38,065","$3,565,317",red
228,Newark,United States,Prudential Center,"Ed Sheeran
Florida Georgia Line","38,065 / 38,065","$3,565,317",red
229,Newark,United States,Prudential Center,"Ed Sheeran
Florida Georgia Line","38,065 / 38,065","$3,565,317",red
230,Miami,United States,American Airlines Arena,"Ed Sheeran
Brett Eldredge","12,808 / 12,808","$1,010,175",red
231,Orlando,United States,Amway Center,"Ed Sheeran
Brett Eldredge","25,617 / 25,617","$2,054,128",red
232,Orlando,United States,Amway Center,"Ed Sheeran
Brett Eldredge","25,617 / 25,617","$2,054,128",red
233,Atlanta,United States,Philips Arena,"Ed Sheeran
Brett Eldredge","25,471 / 25,471","$2,048,023",red
234,Atlanta,United States,Philips Arena,"Ed Sheeran
Brett Eldredge","25,471 / 25,471","$2,048,023",red
235,Tampa,United States,Tampa Bay Times Forum,"Ed Sheeran
Brett Eldredge","14,080 / 14,080","$1,132,095",red
236,Cleveland,United States,Quicken Loans Arena,"Ed Sheeran
Brett Eldredge","15,336 / 15,336","$1,247,605",red
237,Indianapolis,United States,Bankers Life Fieldhouse,"Ed Sheeran
Brett Eldredge","13,573 / 13,573","$1,082,042",red
238,Lexington,United States,Rupp Arena,"Ed Sheeran
Brett Eldredge","17,003 / 17,003","$1,342,699",red
239,Detroit,United States,Ford Field,"Ed Sheeran
Austin Mahone
Brett Eldredge","48,265 / 48,265","$3,969,059",red
240,Louisville,United States,KFC Yum! Center,"Ed Sheeran
Florida Georgia Line","15,135 / 15,135","$1,246,491",red
241,Columbus,United States,Nationwide Arena,"Ed Sheeran
Florida Georgia Line","14,267 / 14,267","$1,155,170",red
242,Washington,United States,Verizon Center,"Ed Sheeran
Brett Eldredge","27,619 / 27,619","$2,489,205",red
243,Washington,United States,Verizon Center,"Ed Sheeran
Brett Eldredge","27,619 / 27,619","$2,489,205",red
244,Houston,United States,Toyota Center,"Ed Sheeran
Brett Eldredge","12,467 / 12,467","$961,422",red
245,Austin,United States,Frank Erwin Center,"Ed Sheeran
Florida Georgia Line","11,916 / 11,916","$935,631",red
246,San Antonio,United States,AT&T Center,"Ed Sheeran
Florida Georgia Line","13,974 / 13,974","$1,105,253",red
247,Arlington,United States,Cowboys Stadium,"Ed Sheeran
Austin Mahone
Florida Georgia Line","53,020 / 53,020","$4,589,266",red
248,Glendale,United States,Jobing.com Arena,"Ed Sheeran
Joel Crouse","26,705 / 26,705","$2,239,370",red
249,Glendale,United States,Jobing.com Arena,"Ed Sheeran
Joel Crouse","26,705 / 26,705","$2,239,370",red
250,Salt Lake City,United States,EnergySolutions Arena,"Ed Sheeran
Joel Crouse","14,007 / 14,007","$1,139,360",red
251,Denver,United States,Pepsi Center,"Ed Sheeran
Joel Crouse","13,489 / 13,489","$1,076,069",red
252,Toronto,Canada,Rogers Centre,"Ed Sheeran
Austin Mahone
Joel Crouse","87,627 / 87,627","$7,863,310",red
253,Toronto,Canada,Rogers Centre,"Ed Sheeran
Austin Mahone
Joel Crouse","87,627 / 87,627","$7,863,310",red
254,Winnipeg,Canada,Investors Group Field,"Ed Sheeran
Austin Mahone
Joel Crouse","33,061 / 33,061","$3,175,430",red
255,Edmonton,Canada,Rexall Place,"Ed Sheeran
Joel Crouse","25,663 / 25,663","$2,379,870",red
256,Edmonton,Canada,Rexall Place,"Ed Sheeran
Joel Crouse","25,663 / 25,663","$2,379,870",red
257,Vancouver,Canada,BC Place Stadium,"Ed Sheeran
Austin Mahone
Joel Crouse","41,142 / 41,142","$3,974,410",red
258,Pittsburgh,United States,Heinz Field,"Ed Sheeran
Austin Mahone
Joel Crouse","56,047 / 56,047","$4,718,518",red
259,East Rutherford,United States,MetLife Stadium,"Ed Sheeran
Austin Mahone
Joel Crouse","52,399 / 52,399","$4,670,011",red
260,Philadelphia,United States,Lincoln Financial Field,"Ed Sheeran
Austin Mahone
Joel Crouse","101,277 / 101,277","$8,822,335",red
261,Philadelphia,United States,Lincoln Financial Field,"Ed Sheeran
Austin Mahone
Joel Crouse","101,277 / 101,277","$8,822,335",red
262,Foxborough,United States,Gillette Stadium,"Ed Sheeran
Austin Mahone
Joel Crouse","110,712 / 110,712","$9,464,063",red
263,Foxborough,United States,Gillette Stadium,"Ed Sheeran
Austin Mahone
Joel Crouse","110,712 / 110,712","$9,464,063",red
264,Des Moines,United States,Wells Fargo Arena,"Ed Sheeran
Florida Georgia Line","13,368 / 13,368","$1,075,576",red
265,Kansas City,United States,Sprint Center,"Ed Sheeran
Florida Georgia Line","26,412 / 26,412","$2,093,172",red
266,Kansas City,United States,Sprint Center,"Ed Sheeran
Florida Georgia Line","26,412 / 26,412","$2,093,172",red
267,Wichita,United States,Intrust Bank Arena,"Ed Sheeran
Casey James","12,231 / 12,231","$983,882",red
268,Tulsa,United States,BOK Center,"Ed Sheeran
Casey James","10,949 / 10,949","$868,955",red
269,Chicago,United States,Soldier Field,"Ed Sheeran
Austin Mahone
Casey James","50,809 / 50,809","$4,149,148",red
270,San Diego,United States,Valley View Casino Center,"Ed Sheeran
Casey James","10,872 / 10,872","$948,541",red
271,Los Angeles,United States,Staples Center,"Ed Sheeran
Casey James","55,829 / 55,829","$4,734,463",red
272,Los Angeles,United States,Staples Center,"Ed Sheeran
Casey James","55,829 / 55,829","$4,734,463",red
273,Los Angeles,United States,Staples Center,"Ed Sheeran
Casey James","55,829 / 55,829","$4,734,463",red
274,Los Angeles,United States,Staples Center,"Ed Sheeran
Casey James","55,829 / 55,829","$4,734,463",red
275,Sacramento,United States,Sleep Train Arena,"Ed Sheeran
Casey James","12,795 / 12,795","$1,138,103",red
276,Portland,United States,Moda Center,"Ed Sheeran
Casey James","13,952 / 13,952","$1,084,760",red
277,Tacoma,United States,Tacoma Dome,"Ed Sheeran
Casey James","20,348 / 20,348","$1,584,049",red
278,Fargo,United States,Fargodome,"Ed Sheeran
Casey James","21,073 / 21,073","$1,661,578",red
279,Saint Paul,United States,Xcel Energy Center,"Ed Sheeran
Casey James","28,920 / 28,920","$2,320,937",red
280,Saint Paul,United States,Xcel Energy Center,"Ed Sheeran
Casey James","28,920 / 28,920","$2,320,937",red
281,Greensboro,United States,Greensboro Coliseum,"Ed Sheeran
Casey James","13,650 / 13,650","$1,109,253",red
282,Raleigh,United States,PNC Arena,"Ed Sheeran
Casey James","13,941 / 13,941","$1,088,612",red
283,Charlottesville,United States,John Paul Jones Arena,"Ed Sheeran
Casey James","12,689 / 12,689","$997,216",red
284,Nashville,United States,Bridgestone Arena,"Ed Sheeran
Casey James","41,292 / 41,292","$3,336,545",red
285,Nashville,United States,Bridgestone Arena,"Ed Sheeran
Casey James","41,292 / 41,292","$3,336,545",red
286,Nashville,United States,Bridgestone Arena,"Ed Sheeran
Casey James","41,292 / 41,292","$3,336,545",red
287,Auckland,New Zealand,Vector Arena,Neon Trees,"30,799 / 30,799","$3,100,290",red
288,Auckland,New Zealand,Vector Arena,Neon Trees,"30,799 / 30,799","$3,100,290",red
289,Auckland,New Zealand,Vector Arena,Neon Trees,"30,799 / 30,799","$3,100,290",red
290,Sydney,Australia,Allianz Stadium,"Guy Sebastian
Neon Trees","40,930 / 40,930","$4,096,060",red
291,Brisbane,Australia,Suncorp Stadium,"Guy Sebastian
Neon Trees","38,907 / 38,907","$3,895,810",red
292,Perth,Australia,Perth Rectangular Stadium,"Guy Sebastian
Neon Trees","21,827 / 21,827","$2,364,080",red
293,Melbourne,Australia,Etihad Stadium,"Guy Sebastian
Neon Trees","47,257 / 47,257","$4,547,250",red
294,London,England,The O2 Arena,The Vamps,"74,740 / 74,740","$5,829,240",red
295,London,England,The O2 Arena,The Vamps,"74,740 / 74,740","$5,829,240",red
296,London,England,The O2 Arena,The Vamps,"74,740 / 74,740","$5,829,240",red
297,Berlin,Germany,O2 World,Andreas Bourani,"10,350 / 10,350","$755,006",red
298,London,England,The O2 Arena,The Vamps,,,red
299,London,England,The O2 Arena,The Vamps,,,red
300,Shanghai,China,Mercedes-Benz Arena,,"12,793 / 12,793","$1,864,934",red
301,Saitama,Japan,Saitama Super Arena,CTS,"20,046 / 20,046","$1,837,147",red
302,Jakarta,Indonesia,MEIS Ancol,Nicole Zefanya,"8,130 / 8,130","$1,481,473",red
303,Pasay,Philippines,Mall of Asia Arena,Meg Bucsit,"9,775 / 9,775","$1,511,662",red
304,Singapore,Singapore,Singapore Indoor Stadium,Imprompt-3,"16,344 / 16,344","$2,524,080",red
305,Kuala Lumpur,Malaysia,Putra Indoor Stadium,IamNeeta,"7,525 / 7,525","$998,608",red
306,Singapore,Singapore,Singapore Indoor Stadium,Imprompt-3,,,red
307,Tokyo,Japan,Tokyo Dome,,"100,320 / 100,320","$10,586,828",1989
308,Tokyo,Japan,Tokyo Dome,,"100,320 / 100,320","$10,586,828",1989
309,Winchester,United States,City of Rock,,,,1989
310,Bossier City,United States,CenturyLink Center,Vance Joy,"12,459 / 12,459","$1,458,197",1989
311,Baton Rouge,United States,LSU Tiger Stadium,"Vance Joy
Shawn Mendes","50,227 / 50,227","$4,119,670",1989
312,Detroit,United States,Ford Field,"Vance Joy
Shawn Mendes","50,703 / 50,703","$5,999,690",1989
313,Louisville,United States,KFC Yum! Center,Vance Joy,"16,242 / 16,242","$1,863,281",1989
314,Cleveland,United States,Quicken Loans Arena,Vance Joy,"15,503 / 15,503","$1,732,041",1989
315,Pittsburgh,United States,Heinz Field,"Vance Joy
Shawn Mendes","54,801 / 54,801","$5,836,926",1989
316,Charlotte,United States,Time Warner Cable Arena,Vance Joy,"15,024 / 15,024","$1,627,798",1989
317,Raleigh,United States,PNC Arena,Vance Joy,"13,886 / 13,886","$1,653,762",1989
318,Philadelphia,United States,Lincoln Financial Field,"Vance Joy
Shawn Mendes","101,052 / 101,052","$11,987,816",1989
319,Philadelphia,United States,Lincoln Financial Field,"Vance Joy
Shawn Mendes","101,052 / 101,052","$11,987,816",1989
320,Cologne,Germany,Lanxess Arena,James Bay,"29,020 / 29,020","$2,054,690",1989
321,Cologne,Germany,Lanxess Arena,James Bay,"29,020 / 29,020","$2,054,690",1989
322,Amsterdam,Netherlands,Ziggo Dome,James Bay,"11,166 / 11,166","$800,829",1989
323,Glasgow,Scotland,SSE Hydro,Vance Joy,"11,021 / 11,021","$1,119,300",1989
324,Manchester,England,Manchester Arena,Vance Joy,"14,773 / 14,773","$1,478,760",1989
325,London,England,Hyde Park,,,,1989
326,Dublin,Ireland,3Arena,Vance Joy,"25,188 / 25,188","$1,975,510",1989
327,Dublin,Ireland,3Arena,Vance Joy,"25,188 / 25,188","$1,975,510",1989
328,Ottawa,Canada,Canadian Tire Centre,Vance Joy,"13,480 / 13,480","$1,325,480",1989
329,Montreal,Canada,Bell Centre,Vance Joy,"14,770 / 14,770","$1,499,040",1989
330,East Rutherford,United States,MetLife Stadium,"Vance Joy
Shawn Mendes
Haim","110,105 / 110,105","$13,423,858",1989
331,East Rutherford,United States,MetLife Stadium,"Vance Joy
Shawn Mendes
Haim","110,105 / 110,105","$13,423,858",1989
332,Washington,United States,Nationals Park,"Vance Joy
Shawn Mendes
Haim","85,014 / 85,014","$9,730,596",1989
333,Washington,United States,Nationals Park,"Vance Joy
Shawn Mendes
Haim","85,014 / 85,014","$9,730,596",1989
334,Chicago,United States,Soldier Field,"Vance Joy
Shawn Mendes
Haim","110,109 / 110,109","$11,469,887",1989
335,Chicago,United States,Soldier Field,"Vance Joy
Shawn Mendes
Haim","110,109 / 110,109","$11,469,887",1989
336,Foxborough,United States,Gillette Stadium,"Vance Joy
Shawn Mendes
Haim","116,849 / 116,849","$12,533,166",1989
337,Foxborough,United States,Gillette Stadium,"Vance Joy
Shawn Mendes
Haim","116,849 / 116,849","$12,533,166",1989
338,Vancouver,Canada,BC Place,"Vance Joy
Shawn Mendes","41,463 / 41,463","$4,081,820",1989
339,Edmonton,Canada,Rexall Place,Vance Joy,"26,534 / 26,534","$2,387,080",1989
340,Edmonton,Canada,Rexall Place,Vance Joy,"26,534 / 26,534","$2,387,080",1989
341,Seattle,United States,CenturyLink Field,"Vance Joy
Shawn Mendes","55,711 / 55,711","$6,050,643",1989
342,Santa Clara,United States,Levi's Stadium,"Vance Joy
Shawn Mendes","102,139 / 102,139","$13,031,146",1989
343,Santa Clara,United States,Levi's Stadium,"Vance Joy
Shawn Mendes","102,139 / 102,139","$13,031,146",1989
344,Glendale,United States,Gila River Arena,Vance Joy,"26,520 / 26,520","$3,029,628",1989
345,Glendale,United States,Gila River Arena,Vance Joy,"26,520 / 26,520","$3,029,628",1989
346,Los Angeles,United States,Staples Center,"Vance Joy
Haim","70,563 / 70,563","$8,961,681",1989
347,Los Angeles,United States,Staples Center,"Vance Joy
Haim","70,563 / 70,563","$8,961,681",1989
348,Los Angeles,United States,Staples Center,"Vance Joy
Haim","70,563 / 70,563","$8,961,681",1989
349,Los Angeles,United States,Staples Center,"Vance Joy
Haim","70,563 / 70,563","$8,961,681",1989
350,Los Angeles,United States,Staples Center,"Vance Joy
Haim","70,563 / 70,563","$8,961,681",1989
351,San Diego,United States,Petco Park,"Vance Joy
Shawn Mendes","44,710 / 44,710","$5,475,237",1989
352,Salt Lake City,United States,EnergySolutions Arena,Vance Joy,"14,131 / 14,131","$1,589,686",1989
353,Denver,United States,Pepsi Center,Vance Joy,"27,126 / 27,126","$2,868,991",1989
354,Denver,United States,Pepsi Center,Vance Joy,"27,126 / 27,126","$2,868,991",1989
355,Houston,United States,Minute Maid Park,"Vance Joy
Shawn Mendes","40,122 / 40,122","$5,202,196",1989
356,Saint Paul,United States,Xcel Energy Center,Vance Joy,"45,126 / 45,126","$5,514,863",1989
357,Saint Paul,United States,Xcel Energy Center,Vance Joy,"45,126 / 45,126","$5,514,863",1989
358,Saint Paul,United States,Xcel Energy Center,Vance Joy,"45,126 / 45,126","$5,514,863",1989
359,Indianapolis,United States,Bankers Life Fieldhouse,Vance Joy,"14,010 / 14,010","$1,550,268",1989
360,Columbus,United States,Nationwide Arena,Vance Joy,"29,936 / 29,936","$3,369,693",1989
361,Columbus,United States,Nationwide Arena,Vance Joy,"29,936 / 29,936","$3,369,693",1989
362,Kansas City,United States,Sprint Center,Vance Joy,"27,857 / 27,857","$2,967,558",1989
363,Kansas City,United States,Sprint Center,Vance Joy,"27,857 / 27,857","$2,967,558",1989
364,Nashville,United States,Bridgestone Arena,"Vance Joy
Haim","28,917 / 28,917","$3,354,844",1989
365,Nashville,United States,Bridgestone Arena,"Vance Joy
Haim","28,917 / 28,917","$3,354,844",1989
366,St. Louis,United States,Scottrade Center,"Vance Joy
Haim","29,688 / 29,688","$3,452,940",1989
367,St. Louis,United States,Scottrade Center,"Vance Joy
Haim","29,688 / 29,688","$3,452,940",1989
368,Toronto,Canada,Rogers Centre,"Vance Joy
Shawn Mendes","99,283 / 99,283","$8,670,990",1989
369,Toronto,Canada,Rogers Centre,"Vance Joy
Shawn Mendes","99,283 / 99,283","$8,670,990",1989
370,Des Moines,United States,Wells Fargo Arena,Vance Joy,"13,969 / 13,969","$1,566,321",1989
371,Omaha,United States,CenturyLink Center Omaha,Vance Joy,"29,622 / 29,622","$3,121,421",1989
372,Omaha,United States,CenturyLink Center Omaha,Vance Joy,"29,622 / 29,622","$3,121,421",1989
373,Fargo,United States,Fargodome,Vance Joy,"21,067 / 21,067","$2,219,188",1989
374,Arlington,United States,AT&T Stadium,"Vance Joy
Shawn Mendes","62,630 / 62,630","$7,396,733",1989
375,Lexington,United States,Rupp Arena,Vance Joy,"17,084 / 17,084","$1,870,471",1989
376,Greensboro,United States,Greensboro Coliseum,Vance Joy,"15,079 / 15,079","$1,662,171",1989
377,Atlanta,United States,Georgia Dome,"Vance Joy
Shawn Mendes","56,046 / 56,046","$6,034,846",1989
378,Miami,United States,American Airlines Arena,Vance Joy,"14,044 / 14,044","$1,527,919",1989
379,Tampa,United States,Raymond James Stadium,"Vance Joy
Shawn Mendes","56,987 / 56,987","$6,202,515",1989
380,Singapore,Singapore,Singapore Indoor Stadium,,"17,726 / 17,726","$3,217,569",1989
381,Singapore,Singapore,Singapore Indoor Stadium,,"17,726 / 17,726","$3,217,569",1989
382,Shanghai,China,Mercedes-Benz Arena,,"37,758 / 37,758","$5,917,348",1989
383,Shanghai,China,Mercedes-Benz Arena,,"37,758 / 37,758","$5,917,348",1989
384,Shanghai,China,Mercedes-Benz Arena,,"37,758 / 37,758","$5,917,348",1989
385,Sydney,Australia,ANZ Stadium,Vance Joy,"75,980 / 75,980","$6,571,683",1989
386,Brisbane,Australia,Suncorp Stadium,Vance Joy,"46,881 / 46,881","$4,759,471",1989
387,Adelaide,Australia,Adelaide Entertainment Centre,Vance Joy,"20,090 / 20,090","$2,407,499",1989
388,Adelaide,Australia,Adelaide Entertainment Centre,Vance Joy,"20,090 / 20,090","$2,407,499",1989
389,Melbourne,Australia,AAMI Park,Vance Joy,"98,136 / 98,136","$10,421,553",1989
390,Melbourne,Australia,AAMI Park,Vance Joy,"98,136 / 98,136","$10,421,553",1989
391,Melbourne,Australia,AAMI Park,Vance Joy,"98,136 / 98,136","$10,421,553",1989
392,Glendale,United States,University of Phoenix Stadium,"Camila Cabello
Charli XCX","59,157 / 59,157","$7,214,478",reputation
393,Santa Clara,United States,Levi's Stadium,"Camila Cabello
Charli XCX","107,550 / 107,550","$14,006,963",reputation
394,Santa Clara,United States,Levi's Stadium,"Camila Cabello
Charli XCX","107,550 / 107,550","$14,006,963",reputation
395,Pasadena,United States,Rose Bowl,"Camila Cabello
Charli XCX","118,084 / 118,084","$16,251,980",reputation
396,Pasadena,United States,Rose Bowl,"Camila Cabello
Charli XCX","118,084 / 118,084","$16,251,980",reputation
397,Seattle,United States,CenturyLink Field,Charli XCX,"56,021 / 56,021","$8,672,219",reputation
398,Denver,United States,Sports Authority Field at Mile High,"Camila Cabello
Charli XCX","57,140 / 57,140","$7,926,366",reputation
399,Chicago,United States,Soldier Field,"Camila Cabello
Charli XCX","105,208 / 105,208","$14,576,697",reputation
400,Chicago,United States,Soldier Field,"Camila Cabello
Charli XCX","105,208 / 105,208","$14,576,697",reputation
401,Manchester,England,Etihad Stadium,"Camila Cabello
Charli XCX","77,258 / 77,258","$6,169,724",reputation
402,Manchester,England,Etihad Stadium,"Camila Cabello
Charli XCX","77,258 / 77,258","$6,169,724",reputation
403,Dublin,Ireland,Croke Park,"Camila Cabello
Charli XCX","133,034 / 133,034","$8,567,769",reputation
404,Dublin,Ireland,Croke Park,"Camila Cabello
Charli XCX","133,034 / 133,034","$8,567,769",reputation
405,London,England,Wembley Stadium,"Camila Cabello
Charli XCX","143,427 / 143,427","$12,214,933",reputation
406,London,England,Wembley Stadium,"Camila Cabello
Charli XCX","143,427 / 143,427","$12,214,933",reputation
407,Louisville,United States,Cardinal Stadium,"Camila Cabello
Charli XCX","52,138 / 52,138","$4,928,219",reputation
408,Columbus,United States,Ohio Stadium,"Camila Cabello
Charli XCX","62,897 / 62,897","$6,606,529",reputation
409,Landover,United States,FedExField,"Camila Cabello
Charli XCX","95,672 / 95,672","$11,396,004",reputation
410,Landover,United States,FedExField,"Camila Cabello
Charli XCX","95,672 / 95,672","$11,396,004",reputation
411,Philadelphia,United States,Lincoln Financial Field,"Camila Cabello
Charli XCX","107,378 / 107,378","$11,951,047",reputation
412,Philadelphia,United States,Lincoln Financial Field,"Camila Cabello
Charli XCX","107,378 / 107,378","$11,951,047",reputation
413,Cleveland,United States,FirstEnergy Stadium,"Camila Cabello
Charli XCX","51,323 / 51,323","$5,148,757",reputation
414,East Rutherford,United States,MetLife Stadium,"Camila Cabello
Charli XCX","165,654 / 165,654","$22,031,386",reputation
415,East Rutherford,United States,MetLife Stadium,"Camila Cabello
Charli XCX","165,654 / 165,654","$22,031,386",reputation
416,East Rutherford,United States,MetLife Stadium,"Camila Cabello
Charli XCX","165,654 / 165,654","$22,031,386",reputation
417,Foxborough,United States,Gillette Stadium,"Camila Cabello
Charli XCX","174,764 / 174,764","$21,779,846",reputation
418,Foxborough,United States,Gillette Stadium,"Camila Cabello
Charli XCX","174,764 / 174,764","$21,779,846",reputation
419,Foxborough,United States,Gillette Stadium,"Camila Cabello
Charli XCX","174,764 / 174,764","$21,779,846",reputation
420,Toronto,Canada,Rogers Centre,"Camila Cabello
Charli XCX","100,310 / 100,310","$11,177,000",reputation
421,Toronto,Canada,Rogers Centre,"Camila Cabello
Charli XCX","100,310 / 100,310","$11,177,000",reputation
422,Pittsburgh,United States,Heinz Field,"Camila Cabello
Charli XCX","56,445 / 56,445","$6,230,876",reputation
423,Atlanta,United States,Mercedes-Benz Stadium,"Camila Cabello
Charli XCX","116,746 / 116,746","$18,089,415",reputation
424,Atlanta,United States,Mercedes-Benz Stadium,"Camila Cabello
Charli XCX","116,746 / 116,746","$18,089,415",reputation
425,Tampa,United States,Raymond James Stadium,"Camila Cabello
Charli XCX","55,909 / 55,909","$7,244,264",reputation
426,Miami Gardens,United States,Hard Rock Stadium,"Camila Cabello
Charli XCX","47,818 / 47,818","$7,072,164",reputation
427,Nashville,United States,Nissan Stadium,"Camila Cabello
Charli XCX","56,112 / 56,112","$9,007,179",reputation
428,Detroit,United States,Ford Field,"Camila Cabello
Charli XCX","49,464 / 49,464","$6,597,852",reputation
429,Minneapolis,United States,U.S. Bank Stadium,"Camila Cabello
Charli XCX","98,774 / 98,774","$10,242,024",reputation
430,Minneapolis,United States,U.S. Bank Stadium,"Camila Cabello
Charli XCX","98,774 / 98,774","$10,242,024",reputation
431,Kansas City,United States,Arrowhead Stadium,"Camila Cabello
Charli XCX","58,611 / 58,611","$6,730,138",reputation
432,Indianapolis,United States,Lucas Oil Stadium,"Camila Cabello
Charli XCX","55,729 / 55,729","$6,531,245",reputation
433,St. Louis,United States,The Dome at America's Center,"Camila Cabello
Charli XCX","47,831 / 47,831","$4,884,054",reputation
434,New Orleans,United States,Mercedes-Benz Superdome,"Camila Cabello
Charli XCX","53,172 / 53,172","$6,491,546",reputation
435,Houston,United States,NRG Stadium,"Camila Cabello
Charli XCX","53,800 / 53,800","$9,350,275",reputation
436,Arlington,United States,AT&T Stadium,"Camila Cabello
Charli XCX","105,002 / 105,002","$15,006,157",reputation
437,Arlington,United States,AT&T Stadium,"Camila Cabello
Charli XCX","105,002 / 105,002","$15,006,157",reputation
438,Perth,Australia,Optus Stadium,"Charli XCX
Broods","50,891 / 50,891","$4,153,658",reputation
439,Melbourne,Australia,Marvel Stadium,"Charli XCX
Broods","63,027 / 63,027","$6,755,570",reputation
440,Sydney,Australia,ANZ Stadium,"Charli XCX
Broods","72,805 / 72,805","$7,686,564",reputation
441,Brisbane,Australia,The Gabba,"Charli XCX
Broods","43,907 / 43,907","$4,338,127",reputation
442,Auckland,New Zealand,Mount Smart Stadium,"Charli XCX
Broods","35,749 / 35,749","$3,617,593",reputation
443,Tokyo,Japan,Tokyo Dome,Charli XCX,"100,109 / 100,109","$14,859,847",reputation
444,Tokyo,Japan,Tokyo Dome,Charli XCX,"100,109 / 100,109","$14,859,847",reputation
